city,state,Lat,Lon,Globvalue
Abilene, Texas,32.44874,-99.73314,0.4578355098721905
Addison, Illinois,41.9317,-87.98896,0.0
Adelanto, California,34.58277,-117.40922,0.0
Aiken, South Carolina,33.56042,-81.71955,0.22541396920183254
Akron, Ohio,41.08144,-81.51901,0.15134478593646034
Alabaster, Alabama,33.24428,-86.81638,0.0
Alafaya, Florida,28.5641,-81.2114,0.0
Alameda, California,37.80437,-122.2708,0.32014954544241647
Alamogordo, New Mexico,32.89953,-105.96027,0.0
Albany, Georgia,31.57851,-84.15574,0.11639815539323864
Albany, New York,42.65258,-73.75623,0.197366867164962
Albany, Oregon,44.63651,-123.10593,0.2278607335414839
Albuquerque, New Mexico,35.08449,-106.65114,0.10132758881524236
Alexandria, Louisiana,31.31129,-92.44514,0.16948050516805893
Alexandria, Virginia,38.80484,-77.04692,0.3582519619102758
Algonquin, Illinois,42.24113,-88.3162,0.0
Alhambra, California,34.09529,-118.12701,0.16767259199111714
Aliso Viejo, California,33.56504,-117.72712,0.22780260104986338
Allen, Texas,33.10317,-96.67055,0.05561954912157538
Allentown, Pennsylvania,40.60843,-75.49018,0.05887687672560499
Aloha, Oregon,45.49428,-122.86705,0.0
Alpharetta, Georgia,34.07538,-84.29409,0.0
Altadena, California,34.18973,-118.13118,0.0
Altamonte Springs, Florida,28.66111,-81.36562,0.0
Altoona, Pennsylvania,40.51868,-78.39474,0.5625083212017676
Amarillo, Texas,35.222,-101.8313,0.23570966900943907
Ames, Iowa,42.03471,-93.61994,0.2782059808110549
Amherst, Massachusetts,42.36723,-72.51852,0.0
Amherst, New York,42.97839,-78.79976,0.7213066262277728
Anaheim, California,33.83529,-117.9145,0.18910014475900633
Anchorage, Alaska,61.21806,-149.90028,0.264664996968058
Anderson, Indiana,40.10532,-85.68025,0.15666700302986955
Andover, Minnesota,45.2333,-93.29134,0.0
Ankeny, Iowa,41.72971,-93.60577,0.08183854236589815
Ann Arbor, Michigan,42.27756,-83.74088,0.10319175073177826
Annandale, Virginia,38.83039,-77.19637,0.2507146217222576
Annapolis, Maryland,38.97845,-76.49218,0.10288967274532074
Antelope, California,38.70824,-121.32995,0.0
Antioch, California,38.00492,-121.80579,0.7508934608336606
Apache Junction, Arizona,33.41505,-111.54958,0.5745507528642921
Apex, North Carolina,35.73265,-78.85029,0.44906093361159677
Apopka, Florida,28.67617,-81.51186,0.0
Apple Valley, California,34.50083,-117.18588,0.6726777953850602
Apple Valley, Minnesota,44.73191,-93.21772,0.0
Appleton, Wisconsin,44.26193,-88.41538,0.27381477445963587
Arcadia, California,34.13973,-118.03534,0.0
Arden-Arcade, California,38.6025,-121.37854,0.0
Arivaca, Arizona,31.57481,-111.33232,0.0
Arlington Heights, Illinois,42.08836,-87.98063,0.14402949345522928
Arlington, Massachusetts,42.41537,-71.15644,0.19168378700413416
Arlington, Texas,32.73569,-97.10807,0.19610374129967578
Arlington, Virginia,38.88101,-77.10428,0.227154868335434
Arvada, Colorado,39.80276,-105.08748,0.4417351099379256
Ashburn, Virginia,39.04372,-77.48749,0.14208366963605037
Asheville, North Carolina,35.60095,-82.55402,0.21635352340351033
Aspen Hill, Maryland,39.07955,-77.07303,0.0
Atascocita, Texas,29.99883,-95.1766,0.0
Athens, Georgia,33.96095,-83.37794,0.34873130401896935
Athens-Clarke County, Georgia,33.96095,-83.37794,0.0
Atlanta, Georgia,33.749,-84.38798,0.3753794085137138
Atlantic City, New Jersey,39.36428,-74.42293,0.36116433297149275
Attleboro, Massachusetts,41.94454,-71.28561,1.4083333325352778
Auburn, Alabama,32.60986,-85.48078,0.15641811767428304
Auburn, Washington,47.30732,-122.22845,0.33429003601443635
Augusta, Georgia,33.47097,-81.97484,0.3774183690569546
Augusta-Richmond County, Georgia,33.47097,-81.97484,0.0
Aurora, Colorado,39.72943,-104.83192,0.4692875825188069
Aurora, Illinois,41.76058,-88.32007,0.2752702894141544
Austin, Texas,30.26715,-97.74306,0.5248136654610807
Aventura, Florida,25.95648,-80.13921,0.0
Avondale, Arizona,33.4356,-112.3496,0.0
Azusa, California,34.13362,-117.90756,0.6802966102630322
Bakersfield, California,35.37329,-119.01871,0.5845891777220087
Baldwin Park, California,34.08529,-117.9609,0.0
Ballwin, Missouri,38.59505,-90.54623,0.0
Baltimore, Maryland,39.29038,-76.61219,0.4030667155305956
Bangor, Maine,44.80118,-68.77781,0.3042636534258443
Banning, California,33.92557,-116.87641,1.3768143086612292
Barnstable Town, Massachusetts,41.70011,-70.29947,0.0
Bartlesville, Oklahoma,36.74731,-95.98082,0.23870056494854444
Bartlett, Illinois,41.99503,-88.18563,0.0
Bartlett, Tennessee,35.20453,-89.87398,0.0
Baton Rouge, Louisiana,30.45075,-91.15455,0.19106660010413848
Battle Creek, Michigan,42.3173,-85.17816,0.0
Bay City, Michigan,43.59447,-83.88886,0.0
Bayonne, New Jersey,40.66871,-74.11431,0.6541168192031902
Baytown, Texas,29.7355,-94.97743,0.3825765170204103
Beaumont, California,33.92946,-116.97725,2.177067005941795
Beaumont, Texas,30.08605,-94.10185,0.3109051599723491
Beavercreek, Ohio,39.70923,-84.06327,0.14917582951312758
Beaverton, Oregon,45.48706,-122.80371,0.20553727285985565
Bedford, Texas,32.84402,-97.14307,0.3876895585825965
Bel Air North, Maryland,39.53594,-76.34829,0.0
Bel Air South, Maryland,39.53594,-76.34829,0.0
Bell Gardens, California,33.96529,-118.15146,0.26328391291730074
Bell, California,33.97751,-118.18702,0.1883842066936604
Belleville, Illinois,38.52005,-89.98399,0.0
Belleville, New Jersey,40.79371,-74.15014,0.1335694631497008
Bellevue, Nebraska,41.13667,-95.89084,0.06633424433823215
Bellevue, Washington,47.61038,-122.20068,0.3178994807650441
Bellflower, California,33.88168,-118.11701,0.7409265537533244
Bellingham, Washington,48.75955,-122.48822,0.30331890748913454
Beloit, Wisconsin,42.50835,-89.03178,0.41442481063820796
Bend, Oregon,44.05817,-121.31531,0.26739295677414304
Benton, Arkansas,36.33202,-94.11854,0.12805290729437782
Bentonville, Arkansas,36.37285,-94.20882,0.03989651284406947
Berkeley, California,37.87159,-122.27275,0.14119015372957328
Berwyn, Illinois,41.85059,-87.79367,0.0
Bethel Park, Pennsylvania,40.32757,-80.0395,0.0
Bethesda, Maryland,38.98067,-77.10026,0.11007103800551876
Bethlehem, New York,42.53175,-73.84735,0.0
Bethlehem, Pennsylvania,40.62593,-75.37046,0.0
Bettendorf, Iowa,41.52448,-90.51569,0.8705992258756635
Beverly Hills, California,34.07362,-118.40036,0.41183037235499814
Beverly, Massachusetts,42.55843,-70.88005,0.0
Big Creek, Georgia,32.37792,-84.97049,0.0
Bill Arp, Georgia,34.30705,-83.41155,0.0
Billerica, Massachusetts,42.55843,-71.26895,0.43037831416668765
Billings, Montana,45.78329,-108.50069,0.32616242569119785
Biloxi, Mississippi,30.39603,-88.88531,0.18770686631193004
Binghamton, New York,42.09869,-75.91797,0.20620142700462055
Birmingham, Alabama,33.52066,-86.80249,0.28442632718764466
Bismarck, North Dakota,46.80833,-100.78374,0.0
Blacksburg, Virginia,37.22957,-80.41394,0.22224864814079426
Blaine, Minnesota,45.1608,-93.23495,0.47381164777594525
Bloomfield Township, Michigan,42.56891,-83.38356,0.0
Bloomfield, New Jersey,40.80677,-74.18542,0.0
Bloomington, Illinois,40.4842,-88.99369,0.2018783634930323
Bloomington, Indiana,39.16533,-86.52639,0.27331794059403014
Bloomington, Minnesota,44.95751,-93.17848,0.18397087742895113
Blue Springs, Missouri,39.01695,-94.28161,0.3016949152542373
Boardman, Ohio,41.02423,-80.66285,0.2853059384866614
Boca Ciega, Florida,27.72308,-82.73149,0.0
Boca Raton, Florida,26.35869,-80.0831,0.35720837479132483
Boise, Idaho,43.6135,-116.20345,0.29051402270117505
Bolingbrook, Illinois,41.69864,-88.0684,0.2893340181317956
Bonita Springs, Florida,26.33981,-81.7787,0.0
Bossier City, Louisiana,32.51599,-93.73212,0.0
Boston, Massachusetts,42.35843,-71.05977,0.1880267020404891
Bothell, Washington,47.76232,-122.2054,0.4894220217645275
Boulder, Colorado,40.01499,-105.27055,0.17403747138741024
Bountiful, Utah,40.88939,-111.88077,0.16940040094405154
Bowie, Maryland,38.94278,-76.73028,0.0
Bowling Green, Kentucky,36.99032,-86.4436,0.15984731412870234
Bowling Green, Ohio,41.37477,-83.65132,0.332165560631676
Boynton Beach, Florida,26.52535,-80.06643,0.0
Bozeman, Montana,45.67965,-111.03856,0.1839777962974187
Bradenton, Florida,27.49893,-82.57482,0.12674908154112924
Braintree Town, Massachusetts,42.22232,-70.99949,0.0
Braintree, Massachusetts,42.22232,-70.99949,0.0
Brandon, Florida,27.9378,-82.28592,0.13146500273241254
Brandywine, Delaware,39.874,-75.57548,0.0
Brazosport, Texas,28.95891,-95.37146,0.0
Brea, California,33.91668,-117.90006,0.0
Bremerton, Washington,47.56732,-122.63264,0.2792551650804008
Brentwood, California,37.93187,-121.69579,0.3253009541199266
Brentwood, New York,40.78121,-73.24623,0.0
Brentwood, Tennessee,36.03312,-86.78278,0.5553601346057377
Bridgeport, Connecticut,41.16704,-73.20483,0.16416560596192908
Brighton, Colorado,39.98526,-104.82053,0.12035322600785878
Brighton, New York,40.57788,-73.95958,0.0
Bristol, Connecticut,41.67176,-72.94927,0.22417096537500916
Brockton, Massachusetts,42.08343,-71.01838,0.0
Broken Arrow, Oklahoma,36.0526,-95.79082,0.3027157164703912
Bronx, New York,40.84985,-73.86641,0.15282418779101403
Brookfield, Wisconsin,43.06057,-88.10648,0.7815859206117423
Brookline, Massachusetts,42.33176,-71.12116,0.4678704358198559
Brooklyn Center, Minnesota,45.07608,-93.33273,0.0
Brooklyn Park, Minnesota,45.09413,-93.35634,0.0
Brooklyn, New York,40.6501,-73.94958,0.39121850411761194
Broomfield, Colorado,39.92054,-105.08665,0.22204703720264732
Brownsville, Texas,25.90175,-97.49748,0.628466872132365
Brunswick, Ohio,41.23811,-81.8418,0.0
Bryan, Texas,30.67436,-96.36996,0.2608204915778646
Buckeye, Arizona,33.37032,-112.58378,1.239230064118157
Buena Park, California,33.86751,-117.99812,0.5780805124522918
Buffalo Grove, Illinois,42.15141,-87.95979,0.0
Buffalo, New York,42.88645,-78.87837,0.15687967388147056
Bullhead City, Arizona,35.14778,-114.5683,0.0
Burbank, California,34.18084,-118.30897,0.22387567921137458
Burien, Washington,47.47038,-122.34679,0.0
Burke, Virginia,38.79345,-77.27165,0.0
Burleson, Texas,30.49248,-96.62146,0.16072524236016794
Burlingame, California,37.5841,-122.36608,0.419250806251852
Burlington, North Carolina,36.09569,-79.4378,0.6858212636186818
Burlington, Vermont,44.47588,-73.21207,0.1623503252306805
Burnsville, Minnesota,44.76774,-93.27772,0.0
Butte, Montana,46.00382,-112.53474,0.12554041807782723
Butte-Silver Bow, Montana,46.00382,-112.53474,0.0
Caldwell, Idaho,43.66294,-116.68736,0.08091528433766533
Calexico, California,32.67895,-115.49888,0.0
Calumet City, Illinois,41.61559,-87.52949,0.0
Camarillo, California,34.21639,-119.0376,0.0
Cambridge, Massachusetts,42.3751,-71.10561,0.22055172410852414
Camden, New Jersey,39.92595,-75.11962,0.3265151833125573
Campbell, California,37.28717,-121.94996,0.0
Canton, Michigan,42.30865,-83.48216,0.1269626624297463
Canton, Ohio,40.79895,-81.37845,0.18309372960199707
Cantonment, Florida,30.60853,-87.33998,0.0
Cape Coral, Florida,26.56285,-81.94953,0.2607378544456225
Cape Girardeau, Missouri,37.30588,-89.51815,0.5159085046198658
Carlsbad, California,33.15809,-117.35059,0.6422513801074285
Carmel, Indiana,39.97837,-86.11804,0.04525222035418434
Carmel, New York,41.45862,-73.66497,0.0
Carmichael, California,38.61713,-121.32828,0.0
Carol City, Florida,25.94065,-80.2456,0.0
Carol Stream, Illinois,41.91253,-88.13479,0.5869686024905882
Carpentersville, Illinois,42.12114,-88.25786,0.7912725911846145
Carrollton, Texas,32.95373,-96.89028,0.11718027737107438
Carrollwood, Florida,28.05002,-82.49287,0.0
Carson City, Nevada,39.1638,-119.7674,0.5434134544324798
Carson, California,33.83141,-118.28202,0.0
Cary, North Carolina,35.79154,-78.78112,0.0711864406779661
Casa Grande, Arizona,32.8795,-111.75735,0.4119596267389986
Casas Adobes, Arizona,32.32341,-110.9951,0.0
Cascade-Fairwood, Washington,47.44843,-122.15734,0.0
Casper, Wyoming,42.86663,-106.31308,0.15303543916495868
Castle Rock, Colorado,39.37221,-104.85609,0.10812463545962474
Castro Valley, California,37.6941,-122.08635,0.7096668914366593
Catalina Foothills, Arizona,32.29785,-110.9187,0.0
Cathedral City, California,33.77974,-116.46529,0.0
Catonsville, Maryland,39.27205,-76.73192,0.0
Cedar Creek Lake, Texas,31.18658,-94.83438,0.0
Cedar Falls, Iowa,42.52776,-92.44547,0.25643749148883405
Cedar Hill, Texas,32.58847,-96.95612,0.0
Cedar Park, Texas,30.5052,-97.82029,0.18378241813351154
Cedar Rapids, Iowa,42.00833,-91.64407,0.23752364598021783
Centennial, Colorado,39.57916,-104.87692,0.06834661845467604
Centereach, New York,40.85843,-73.09955,0.0
Central Coast, California,36.94034,-121.74046,0.0
Central Contra Costa, California,38.01992,-121.87274,0.0
Central Islip, New York,40.79065,-73.20178,0.0
Central Manchester, Connecticut,41.77593,-72.52148,0.0
Central Pasco, Florida,28.20449,-82.33058,0.0
Centreville, Virginia,38.84039,-77.42888,0.49683515820823276
Ceres, California,37.59493,-120.95771,0.32950038772097384
Cerritos, California,33.85835,-118.06479,0.6946279805360237
Champaign, Illinois,40.11642,-88.24338,0.0
Chandler, Arizona,33.30616,-111.84125,0.4194637095737647
Channelview, Texas,29.77606,-95.11465,0.0
Chapel Hill, North Carolina,35.9132,-79.05584,0.4432168515293685
Charleston, South Carolina,32.77657,-79.93092,0.3943434447255852
Charleston, West Virginia,38.34982,-81.63262,0.3368770764039019
Charlotte, North Carolina,35.22709,-80.84313,0.3840701045088399
Charlottesville, Virginia,38.02931,-78.47668,0.5615944093513741
Chattanooga, Tennessee,35.04563,-85.30968,0.5558391189213153
Cheektowaga, New York,42.90339,-78.75475,0.0
Chelmsford, Massachusetts,42.59981,-71.36728,0.0
Chelsea, Massachusetts,42.39176,-71.03283,0.0
Chesapeake, Virginia,36.81904,-76.27494,0.12924118988343095
Chester, Pennsylvania,39.96097,-75.60804,0.4951146560668535
Chesterfield, Missouri,38.66311,-90.57707,0.0
Cheyenne, Wyoming,41.13998,-104.82025,0.08784180791920856
Chicago Heights, Illinois,41.50615,-87.6356,0.37011997710146494
Chicago, Illinois,41.85003,-87.65005,0.3348880142002826
Chico, California,39.72849,-121.83748,0.15876619560934316
Chicopee, Massachusetts,42.1487,-72.60787,0.0
Chillum, Maryland,38.96372,-76.99081,0.0
Chino Hills, California,33.9938,-117.75888,0.6685961771175716
Chino, California,34.01223,-117.68894,0.1791571569400865
Chula Vista, California,32.64005,-117.0842,0.5307798389190141
Cicero, Illinois,41.84559,-87.75394,0.0
Cicero, New York,43.17562,-76.11937,0.0
Cincinnati, Ohio,39.12711,-84.51439,0.24881838034485737
Citrus Heights, California,38.70712,-121.28106,0.0
Claremont, California,34.09668,-117.71978,0.0
Clarence, New York,43.01061,-78.63753,0.0
Clark, Nevada,36.0397,-114.98194,0.0
Clarkstown, New York,41.08871,-74.01347,0.0
Clarksville, Tennessee,36.52977,-87.35945,0.0951351761398695
Clay, New York,43.1859,-76.17243,1.3185364544436118
Clearfield, Utah,41.11078,-112.02605,0.0
Clearwater, Florida,27.96585,-82.8001,0.04347709876378495
Clermont, Florida,28.54944,-81.77285,0.1397615924991869
Cleveland Heights, Ohio,41.52005,-81.55624,0.4154706461607537
Cleveland, Ohio,41.4995,-81.69541,0.3221347736160878
Cleveland, Tennessee,35.15952,-84.87661,0.0
Clifton Park, New York,42.86563,-73.77095,0.7335675900518495
Clifton, New Jersey,40.85843,-74.16376,0.43568646807134953
Clinton, Maryland,38.76511,-76.89831,0.0
Clovis, California,36.82523,-119.70292,0.11711373549053643
Clovis, New Mexico,34.4048,-103.20523,0.0
Coachella Valley, California,33.76669,-116.35918,0.0
Coachella, California,33.6803,-116.17389,0.5888288026642807
Coconino, Arizona,35.19807,-111.65127,0.0
Coconut Creek, Florida,26.25175,-80.17894,0.0
Coeur d'Alene, Idaho,47.67768,-116.78047,0.0
College Park, Maryland,38.98067,-76.93692,0.0
College Station, Texas,30.62798,-96.33441,0.4878452886939077
Collierville, Tennessee,35.04204,-89.66453,0.0
Colony, Texas,33.08901,-96.88639,1.0801129600440273
Colorado Springs, Colorado,38.83388,-104.82136,0.4949892587324305
Colton, California,34.0739,-117.31365,0.0
Columbia, Maryland,39.24038,-76.83942,0.9072249591651028
Columbia, Missouri,38.95171,-92.33407,0.8485221674270761
Columbia, South Carolina,34.00071,-81.03481,0.19276291864080977
Columbia, Tennessee,35.61507,-87.03528,1.0656157631144625
Columbus, Georgia,32.46098,-84.98771,0.18239706436690573
Columbus, Indiana,39.20144,-85.92138,0.44010416668844266
Columbus, Ohio,39.96118,-82.99879,0.3183608304473284
Commack, New York,40.84288,-73.29289,0.0
Commerce City, Colorado,39.80832,-104.93387,0.66267980294279
Compton, California,33.89585,-118.22007,0.0
Concord, California,37.97798,-122.03107,0.3303743109853617
Concord, New Hampshire,43.20814,-71.53757,0.0
Concord, North Carolina,35.40888,-80.58158,0.28729748812796885
Conroe, Texas,30.31188,-95.45605,0.17619450442704745
Conway, Arkansas,35.0887,-92.4421,0.4141049629917923
Cookeville, Tennessee,36.16284,-85.50164,0.20602577499010305
Coon Rapids, Minnesota,45.11997,-93.28773,0.0
Cooper City, Florida,26.05731,-80.27172,0.0
Coppell, Texas,32.95457,-97.01501,0.08620771256150758
Copperas Cove, Texas,31.12406,-97.90308,0.0
Coral Gables, Florida,25.72149,-80.26838,0.11961969622284269
Coral Springs, Florida,26.27119,-80.2706,0.0
Coram, New York,40.86871,-73.00149,0.0
Corona, California,33.87529,-117.56644,0.5291063685891793
Corpus Christi, Texas,27.80058,-97.39638,0.11943658058345326
Cortlandt, New York,40.89788,-73.88347,0.0
Corvallis, Oregon,44.56457,-123.26204,0.21089179413893416
Costa Mesa, California,33.64113,-117.91867,0.09188473631352528
Cottage Grove, Minnesota,44.82774,-92.94382,0.0
Cottonwood Heights, Utah,40.61967,-111.81021,0.37448433557288047
Council Bluffs, Iowa,41.26194,-95.86083,0.1591790601366692
Country Club, Florida,25.94815,-80.317,0.0
Coventry, Rhode Island,41.7001,-71.68284,0.0
Covina, California,34.06862,-117.93895,0.2213738799987366
Covington, Kentucky,39.08367,-84.50855,0.0
Cranston, Rhode Island,41.77982,-71.43728,0.3755342667714537
Crystal Lake, Illinois,42.24113,-88.3162,0.5506800267550397
Culver City, California,34.02112,-118.39647,0.0
Cumberland, Rhode Island,41.96677,-71.43284,0.0
Cupertino, California,37.323,-122.03218,0.4991803785408857
Cutler Bay, Florida,25.5783,-80.3377,0.0
Cuyahoga Falls, Ohio,41.13394,-81.48456,0.0839509607269993
Cypress, California,33.81696,-118.03729,0.8550468002050964
Dakota Ridge, Colorado,39.62472,-105.12639,0.0
Dale City, Virginia,38.63706,-77.31109,2.3436055468675443
Dallas, Texas,32.78306,-96.80667,0.48431998692913225
Dalton, Georgia,34.7698,-84.97022,0.1243044451375105
Daly City, California,37.70577,-122.46192,0.19891713748046547
Dana Point, California,33.46697,-117.69811,0.0
Danbury, Connecticut,41.39482,-73.45401,0.0
Danville, California,37.82159,-121.99996,0.0
Danville, Illinois,40.12448,-87.63002,0.0
Danville, Virginia,36.58597,-79.39502,0.805689564400456
Dartmouth, Massachusetts,41.59177,-70.94115,0.0
Davenport, Iowa,41.52364,-90.57764,0.41231222524248196
Davie, Florida,26.06287,-80.2331,0.16542466106029804
Davis, California,38.54491,-121.74052,1.3375289040552127
Dayton, Ohio,39.75895,-84.19161,0.5360005819431799
Daytona Beach, Florida,29.21081,-81.02283,0.4668349077304599
DeKalb, Illinois,41.92947,-88.75036,0.0
DeSoto, Texas,32.58986,-96.85695,0.9734507414664844
Dearborn Heights, Michigan,42.33698,-83.27326,0.0
Dearborn, Michigan,42.32226,-83.17631,0.0
Decatur, Alabama,34.60593,-86.98334,0.2325438062174279
Decatur, Illinois,39.84031,-88.9548,0.11348679794613149
Deer Park, Texas,29.70523,-95.12382,0.0
Deer Valley, Arizona,33.68393,-112.13488,0.0
Deerfield Beach, Florida,26.31841,-80.09977,0.1612717828610251
Del Rio, Texas,29.36273,-100.89676,0.6258367753678361
Delano, California,35.76884,-119.24705,0.5115012106672135
Delaware, Ohio,40.29867,-83.06797,0.26734463278420423
Delray Beach, Florida,26.46146,-80.07282,0.18504915939188424
Deltona, Florida,28.90054,-81.26367,1.5631976026104886
Denton, Texas,33.21484,-97.13307,0.3108007356291951
Denver, Colorado,39.73915,-104.9847,0.550334161806068
Des Moines, Iowa,41.60054,-93.60911,0.3655227649270086
Des Moines, Washington,47.40177,-122.32429,0.0
Des Plaines, Illinois,42.03336,-87.8834,0.0
Detroit, Michigan,42.33143,-83.04575,0.3915347750221119
Diamond Bar, California,34.02862,-117.81034,0.0
Doral, Florida,25.81954,-80.35533,0.2283222795393
Dothan, Alabama,31.22323,-85.39049,0.23426875662440086
Douglasville, Georgia,33.7515,-84.74771,0.0
Dover, Delaware,39.15817,-75.52437,0.20127657739762594
Dover, New Hampshire,43.19786,-70.87367,0.9571225570355758
Downers Grove, Illinois,41.80892,-88.01117,0.3400259135643971
Downey, California,33.94001,-118.13257,0.16879539952196787
Draper, Utah,40.52467,-111.86382,0.0
Dublin, California,37.70215,-121.93579,0.2013387374201471
Dublin, Ohio,40.09923,-83.11408,0.19467674819327244
Dubuque, Iowa,42.50056,-90.66457,0.06696340952288166
Duluth, Minnesota,46.78327,-92.10658,0.10247246474334909
Duncanville, Texas,32.6518,-96.90834,0.2232585175203462
Dundalk, Maryland,39.25066,-76.52052,0.0
Dunedin, Florida,28.0199,-82.77323,0.0
Dunwoody, Georgia,33.94621,-84.33465,0.37971963070908626
Durham, North Carolina,35.99403,-78.89862,0.17177230365755683
Dutch Fork, South Carolina,34.76065,-83.04765,0.0
Eagan, Minnesota,44.80413,-93.16689,0.22859272346927248
East Brunswick, New Jersey,40.41483,-74.36543,0.18323228747980172
East Canadian, Oklahoma,35.40839,-98.13089,0.0
East Contra Costa, California,38.00492,-121.80579,0.0
East Dougherty, Georgia,31.55934,-84.10102,0.0
East Grayson, Texas,33.75844,-96.52999,0.0
East Hartford, Connecticut,41.78232,-72.61203,0.12256768416822457
East Honolulu, Hawaii,21.28906,-157.71734,0.0
East Jefferson, Texas,29.83327,-93.95878,0.0
East Kern, California,35.04747,-118.16646,0.0
East Lake, Florida,27.98269,-82.37878,0.0
East Lansing, Michigan,42.73698,-84.48387,0.13521081686472178
East Leon, Florida,30.46381,-84.14351,0.0
East Los Angeles, California,34.0239,-118.17202,0.2722771441215085
East Meadow, New York,40.71399,-73.55902,0.0
East Orange, New Jersey,40.76732,-74.20487,0.0
East Point, Georgia,33.67955,-84.43937,0.0
East Providence, Rhode Island,41.81371,-71.37005,0.0
East San Gabriel Valley, California,34.11167,-117.88972,0.0
East Seattle, Washington,47.61485,-122.31716,0.0
East Yolo, California,38.65324,-122.10664,0.0
Eastpointe, Michigan,42.46837,-82.95547,0.0
Eastvale, California,33.96358,-117.56418,0.0
Eau Claire, Wisconsin,44.81135,-91.49849,0.1168500646883487
Eden Prairie, Minnesota,44.85469,-93.47079,0.0
Edina, Minnesota,44.88969,-93.34995,0.0
Edinburg, Texas,26.30174,-98.16334,0.0
Edison, New Jersey,40.51872,-74.4121,0.2562936002379807
Edmond, Oklahoma,35.65283,-97.4781,0.16992140478497855
Edmonds, Washington,47.81065,-122.37736,0.0
Egypt Lake-Leto, Florida,28.01769,-82.50619,0.0
El Cajon, California,32.79477,-116.96253,0.21777227978801905
El Centro, California,32.792,-115.56305,0.0
El Dorado Hills, California,38.68574,-121.08217,1.1599934630391238
El Mirage, Arizona,33.61309,-112.3246,0.0
El Monte, California,34.06862,-118.02757,0.32196608876671906
El Paso de Robles (Paso Robles), California,35.62664,-120.691,0.0
El Paso, Texas,31.75872,-106.48693,0.46077746845387196
El Toro, California,31.84891,-116.45295,0.0
Eldersburg, Maryland,39.40371,-76.95026,0.0
Elgin, Illinois,42.03725,-88.28119,0.18568626467023183
Elizabeth, New Jersey,40.66399,-74.2107,0.0
Elk Grove Village, Illinois,42.00392,-87.97035,0.2224539296515793
Elk Grove, California,38.4088,-121.37162,0.40546397349804536
Elkhart, Indiana,41.68199,-85.97667,0.044158377895896536
Ellicott City, Maryland,39.26733,-76.79831,0.0
Elmhurst, Illinois,41.89947,-87.94034,0.0
Elmont, New York,40.70094,-73.71291,0.4506933743709728
Elsinore Valley, California,33.70419,-117.24115,0.0
Elsmere, Colorado,38.86472,-104.71053,0.0
Elyria, Ohio,41.36838,-82.10765,0.07123617954375608
Encinitas, California,33.03699,-117.29198,0.0
Enfield, Connecticut,41.97621,-72.59176,0.0
Englewood, Colorado,39.64777,-104.98776,0.1240471745199584
Enid, Oklahoma,36.39559,-97.87839,0.24083393652307145
Enterprise, Nevada,36.02525,-115.24194,0.0
Erie, Pennsylvania,42.12922,-80.08506,0.0
Escondido, California,33.11921,-117.08642,0.1404120970514674
Essex, Maryland,39.30927,-76.47496,0.0
Euclid, Ohio,41.5931,-81.52679,0.18867350046223705
Eugene, Oregon,44.05207,-123.08675,0.16596109275692397
Euless, Texas,32.83707,-97.08195,0.35580835782354986
Evanston, Illinois,42.04114,-87.69006,0.41569240562675613
Evansville, Indiana,37.97476,-87.55585,0.19302861570009758
Everett, Massachusetts,42.40843,-71.05366,0.0
Everett, Washington,47.97898,-122.20208,0.316055309198407
Ewa, Hawaii,21.31556,-158.00722,0.0
Ewing, New Jersey,40.27677,-74.81294,0.0
Fair Lawn, New Jersey,40.94038,-74.13181,0.8398723583713267
Fair Oaks, California,38.64463,-121.27217,0.0
Fair Oaks, Virginia,38.84095,-77.28971,0.0
Fairbanks, Alaska,64.83778,-147.71639,0.4275920233512248
Fairborn, Ohio,39.82089,-84.01938,0.29249833581676843
Fairfield, California,38.24936,-122.03997,0.15558033202444957
Fairfield, Connecticut,41.16704,-73.20483,0.49930026434549707
Fairfield, Ohio,39.88423,-82.7535,0.085812066496478
Fall River, Massachusetts,41.70149,-71.15505,0.5748751425511096
Fallbrook, California,33.37642,-117.25115,0.16839133549383595
Fargo, North Dakota,46.87719,-96.7898,0.06415244748056977
Farmers Branch, Texas,32.92651,-96.89612,0.0
Farmington Hills, Michigan,42.48531,-83.37716,0.0
Farmington, New Mexico,36.72806,-108.21869,0.0
Fayette, Kentucky,37.98869,-84.47772,0.0
Fayetteville, Arkansas,36.06258,-94.15743,0.14072612592528225
Fayetteville, North Carolina,35.05266,-78.87836,0.0763513415198292
Federal Way, Washington,47.32232,-122.31262,0.1389140048554526
Findlay, Ohio,41.04422,-83.64993,0.19736025065913337
Fishers, Indiana,39.95559,-86.01387,0.2997635001779685
Fitchburg, Massachusetts,42.58342,-71.8023,0.5830208489614218
Flagstaff, Arizona,35.19807,-111.65127,0.0
Flint, Michigan,43.01253,-83.68746,0.28404124285946053
Florence, Alabama,34.79981,-87.67725,0.15200832000805983
Florence, Kentucky,38.99895,-84.62661,2.436084269300635
Florence, South Carolina,34.19543,-79.76256,0.39243991194261907
Florence-Graham, California,33.96772,-118.24438,0.0
Florin, California,38.49602,-121.40884,0.0
Florissant, Missouri,38.78922,-90.32261,17.49778924820008
Flower Mound, Texas,33.01457,-97.09696,0.3455121018910479
Folsom, California,38.67796,-121.17606,0.1772170861170694
Fond du Lac, Wisconsin,43.775,-88.43883,0.0
Fontana, California,34.09223,-117.43505,0.29090855677679095
Foothill Farms, California,38.67877,-121.35114,0.0
Fort Collins, Colorado,40.58526,-105.08442,0.2502790376495173
Fort Lauderdale, Florida,26.12231,-80.14338,0.13919385020709266
Fort Lee, New Jersey,40.85093,-73.97014,0.7061833887447833
Fort Myers, Florida,26.62168,-81.84059,0.08898305084745763
Fort Pierce, Florida,27.44671,-80.32561,0.2460830566896672
Fort Smith, Arkansas,35.38592,-94.39855,0.26088463236164344
Fort Wayne, Indiana,41.1306,-85.12886,0.21773492307293063
Fort Worth, Texas,32.72541,-97.32085,0.2660133898004586
Foster City, California,37.55855,-122.27108,0.0
Fountain Valley, California,33.70918,-117.95367,0.0
Fountainbleau, Florida,25.77288,-80.34783,0.0
Framingham, Massachusetts,42.27926,-71.41617,0.0
Franklin Town, Massachusetts,42.69592,-72.45287,0.0
Franklin, Massachusetts,42.69592,-72.45287,0.410597558894993
Franklin, Tennessee,35.92506,-86.86889,0.1258167526333351
Franklin, Wisconsin,42.88863,-88.03842,0.0
Frederick, Maryland,39.41427,-77.41054,0.0
Freeport, New York,40.6576,-73.58318,0.0
Fremont, California,37.54827,-121.98857,0.8366698374152906
Fresno, California,36.74773,-119.77237,0.40900876519145873
Friendswood, Texas,29.5294,-95.20104,0.25157037229024576
Frisco, Texas,33.15067,-96.82361,0.2112365532261904
Fullerton, California,33.87029,-117.92534,0.5322171371467359
Gadsden, Alabama,34.01434,-86.00639,0.22786260828039992
Gahanna, Ohio,40.01923,-82.87934,0.0
Gainesville, Florida,29.65163,-82.32483,0.35481613441378057
Gainesville, Georgia,34.29788,-83.82407,0.2984074392505818
Gaithersburg, Maryland,39.14344,-77.20137,0.22453271386955176
Galesburg, Illinois,40.94782,-90.37124,0.3352466973109148
Gallatin, Tennessee,36.38838,-86.44666,0.3945761494200028
Galveston, Texas,29.30135,-94.7977,0.11866709407869326
Garden Grove, California,33.77391,-117.94145,0.05436612778755986
Gardena, California,33.88835,-118.30896,0.10591977673605613
Garfield, New Jersey,40.88149,-74.1132,0.0
Garland, Texas,32.91262,-96.63888,0.16996014132165854
Gary, Indiana,41.59337,-87.34643,0.11044477760479181
Gastonia, North Carolina,35.26208,-81.1873,0.0
Georgetown, Kentucky,38.2098,-84.55883,0.2661637931256286
Georgetown, Texas,30.63269,-97.67723,0.2578433550541888
Germantown, Maryland,39.17316,-77.27165,0.09790971449548432
Germantown, Tennessee,35.08676,-89.81009,0.0
Gilbert, Arizona,33.35283,-111.78903,0.32763790524358194
Gillette, Wyoming,44.29109,-105.50222,0.14618519821000808
Gilroy, California,37.00578,-121.56828,0.21482388834495617
Glastonbury, Connecticut,41.71232,-72.60815,0.0
Glen Burnie, Maryland,39.16261,-76.62469,0.1928587141886533
Glendale Heights, Illinois,41.9146,-88.06486,0.0
Glendale, Arizona,33.53865,-112.18599,0.17181422893661302
Glendale, California,34.14251,-118.25508,0.0
Glendora, California,34.13612,-117.86534,0.0
Glenview, Illinois,42.06975,-87.78784,0.2092280814430123
Golden Glades, Florida,25.91176,-80.20033,0.0
Goldsboro, North Carolina,35.38488,-77.99277,0.0
Goleta, California,34.43583,-119.82764,0.284765586273948
Goodyear, Arizona,33.43532,-112.35821,0.12640806621556694
Goose Creek, South Carolina,32.98101,-80.03259,0.0
Goshen, Indiana,41.58227,-85.83444,0.0
Gracewood, Georgia,33.37264,-82.03206,0.0
Grand Forks, North Dakota,47.92526,-97.03285,0.46234395150982793
Grand Island, Nebraska,40.92501,-98.34201,0.43672569735368655
Grand Junction, Colorado,39.06387,-108.55065,0.13092606233560816
Grand Prairie, Texas,32.74596,-96.99778,0.27062127266510855
Grand Rapids, Michigan,42.96336,-85.66809,0.24435697647555393
Granger, Indiana,41.75338,-86.11084,0.0
Grants Pass, Oregon,42.43933,-123.33067,0.09130021611692417
Grapevine, Texas,32.93429,-97.07807,0.12383946304338636
Great Falls, Montana,47.50024,-111.30081,0.13617146319779297
Greater Carrollwood, Florida,28.05002,-82.49287,0.0
Greeley, Colorado,40.42331,-104.70913,0.14978299603832018
Green Bay, Wisconsin,44.51916,-88.01983,0.17751819376708092
Greenacres, Florida,26.62368,-80.12532,0.0
Greenburgh, New York,41.03287,-73.84291,0.0
Greenfield, Wisconsin,42.9614,-88.01259,0.6013314458769929
Greensboro, North Carolina,36.07264,-79.79198,0.37877796795138396
Greenville, Mississippi,33.41012,-91.06177,1.3819925866019194
Greenville, North Carolina,34.85262,-82.39401,0.0
Greenville, South Carolina,34.85262,-82.39401,0.0699855059622234
Greenwich, Connecticut,41.02649,-73.62846,0.08344816498678881
Greenwood, Indiana,39.61366,-86.10665,0.05580013206419252
Gresham, Oregon,45.49818,-122.43148,0.1985133155407525
Grove City, Ohio,39.88145,-83.09296,0.028338879855993614
Guilderland, New York,42.70202,-73.96624,0.0
Gulfport, Mississippi,30.36742,-89.09282,0.11551074007413964
Gurnee, Illinois,42.3703,-87.90202,0.0
Hacienda Heights, California,33.99307,-117.96868,0.6030330061530175
Hackensack, New Jersey,40.88593,-74.04347,0.16100587127274857
Hagerstown, Maryland,39.64176,-77.71999,0.2152716389369341
Hallandale Beach, Florida,25.9812,-80.14838,0.22826176477118687
Hallandale, Florida,25.9812,-80.14838,0.0
Haltom City, Texas,32.79957,-97.26918,0.0
Hamden, Connecticut,41.39593,-72.89677,0.0
Hamilton, Ohio,39.12711,-84.51439,0.11464830153511579
Hammond, Indiana,41.58337,-87.50004,0.1043029876386861
Hampton, Virginia,37.02987,-76.34522,0.12804030301797883
Hanford, California,36.32745,-119.64568,0.0
Hanover Park, Illinois,41.99947,-88.14507,0.0
Harlingen, Texas,26.19063,-97.6961,0.12314732500215753
Harrisburg, Pennsylvania,40.2737,-76.88442,0.0
Harrisonburg, Virginia,38.44957,-78.86892,0.0
Hartford, Connecticut,41.76371,-72.68509,0.0
Hattiesburg, Mississippi,31.32712,-89.29034,0.2601349014203179
Haverhill, Massachusetts,42.7762,-71.07728,0.0
Hawthorne, California,33.9164,-118.35257,0.0
Hayward, California,37.66882,-122.0808,0.20214585600067905
Hemet, California,33.74761,-116.97307,0.27536286168082447
Hempstead, New York,40.70621,-73.61874,0.0
Henderson, Nevada,36.0397,-114.98194,0.2905919921485804
Hendersonville, Tennessee,36.30477,-86.62,0.2630309255988512
Henrietta, New York,43.05923,-77.61222,0.0
Hesperia, California,34.42639,-117.30088,0.22335004631076427
Hialeah, Florida,25.8576,-80.27811,0.04243565599749273
Hickory, North Carolina,35.73319,-81.3412,0.16419029516018527
Hicksville, New York,40.76843,-73.52513,0.28703867521899823
High Point, North Carolina,35.95569,-80.00532,0.36075652137333847
Highland, California,34.12834,-117.20865,0.0
Highlands Ranch, Colorado,39.55388,-104.96943,0.2509885458585603
Hilliard, Ohio,40.0334,-83.15825,0.26875238325131406
Hillsboro, Oregon,45.52289,-122.98983,0.47429870512123234
Hilo, Hawaii,19.72991,-155.09073,0.801421946375551
Hilton Head Island, South Carolina,32.19382,-80.73816,0.42416261264905575
Hinesville, Georgia,31.84688,-81.59595,0.0
Hobbs, New Mexico,32.70261,-103.13604,0.0
Hoboken, New Jersey,40.74399,-74.03236,0.30493118605712405
Hoffman Estates, Illinois,42.04281,-88.0798,0.3426323899206215
Holland, Michigan,42.78752,-86.10893,0.1611535889763356
Hollister, California,36.85245,-121.4016,0.880257897284231
Holly Springs, North Carolina,35.65127,-78.83362,0.0
Hollywood, Florida,26.0112,-80.14949,0.2825872159597234
Holyoke, Massachusetts,42.20426,-72.6162,0.0
Homestead, Florida,25.46872,-80.47756,0.11881218378224137
Honolulu, Hawaii,21.30694,-157.85833,0.4899830592354762
Hoover, Alabama,33.40539,-86.81138,0.0
Hopkinsville, Kentucky,36.86561,-87.49117,0.6239301897279729
Hot Springs, Arkansas,34.5317,-93.06377,0.22733387138803599
Houma, Louisiana,29.59577,-90.71953,0.3402472142093842
Houston, Texas,29.76328,-95.36327,0.5476076772408986
Huber Heights, Ohio,39.84395,-84.12466,0.0
Huntersville, North Carolina,35.41069,-80.84285,0.0
Huntington Beach, California,33.6603,-117.99923,0.3207845619475779
Huntington Park, California,33.98168,-118.22507,0.9127544668002463
Huntington Station, New York,40.85343,-73.41151,0.0
Huntington, West Virginia,38.41925,-82.44515,0.32174638488764845
Huntsville, Alabama,34.7304,-86.58594,0.2178713959249028
Huntsville, Texas,30.72353,-95.55078,0.5348691714329165
Hurst, Texas,32.82346,-97.17057,0.4086120545996368
Hutchinson, Kansas,38.06084,-97.92977,0.2247553909082598
Idaho Falls, Idaho,43.46658,-112.03414,0.33150038582635816
Independence, Missouri,39.09112,-94.41551,0.3595969709787858
Indian Trail, North Carolina,35.07681,-80.66924,0.0
Indianapolis, Indiana,39.76838,-86.15804,0.13713080169354983
Indio, California,33.7207,-116.21677,1.1107830064526087
Inglewood, California,33.96168,-118.35313,0.28785456058403075
Interior County, Florida,30.33826,-87.15941,0.0
Inver Grove Heights, Minnesota,44.84802,-93.04272,2.1972865999347784
Iowa City, Iowa,41.66113,-91.53017,0.394445176624582
Irondequoit, New York,43.2134,-77.57972,0.0
Irvine, California,33.66946,-117.82311,0.4809785216669223
Irving, Texas,32.81402,-96.94889,0.19965191118508369
Irvington, New Jersey,40.73232,-74.23487,2.4860803550937285
Issaquah, Washington,47.5301,-122.03262,0.4988595197128057
Ithaca, New York,42.44063,-76.49661,0.32152199762705264
Jackson, Michigan,42.24587,-84.40135,0.1579039934714336
Jackson, Mississippi,32.29876,-90.18481,0.19913359901261948
Jackson, Tennessee,35.61452,-88.81395,0.20507634746082956
Jacksonville, Florida,30.33218,-81.65565,0.3807602035225982
Jacksonville, North Carolina,34.75405,-77.43024,0.30690072640032817
James Island, South Carolina,32.72768,-79.95565,0.0
Jamestown, New York,42.097,-79.23533,0.0
Janesville, Wisconsin,42.68279,-89.01872,0.5466425151983113
Jefferson City, Missouri,38.5767,-92.17352,0.1725334138931725
Jeffersonville, Indiana,38.27757,-85.73718,0.16331339101661035
Jersey City, New Jersey,40.72816,-74.07764,0.16213623280924572
Johns Creek, Georgia,34.02893,-84.19858,0.0
Johnson City, Tennessee,36.31344,-82.35347,0.0
Joliet, Illinois,41.52519,-88.0834,0.242087990200998
Jonesboro, Arkansas,35.8423,-90.70428,0.0
Joplin, Missouri,37.08423,-94.51328,0.0
Juneau, Alaska,58.30194,-134.41972,0.16953332358210244
Jupiter, Florida,26.93422,-80.09421,0.0
Jurupa, California,33.95335,-117.39616,0.0
Kalamazoo, Michigan,42.29171,-85.58723,0.2617224469562783
Kaneohe, Hawaii,21.45045,-157.768,3.0380071934955097
Kannapolis, North Carolina,35.48736,-80.62173,0.0
Kansas City, Kansas,39.09973,-94.57857,0.5583555665861507
Kansas City, Missouri,39.09973,-94.57857,0.3301441918648381
Kearney, Nebraska,40.50671,-98.94802,0.0
Kearns, Utah,40.65995,-111.99633,0.9267198402605126
Kearny, New Jersey,40.76843,-74.14542,0.0
Keizer, Oregon,44.99012,-123.02621,0.0
Keller, Texas,32.93457,-97.25168,0.12673799829958093
Ken Caryl, Colorado,39.57582,-105.11221,0.0
Kendale Lakes, Florida,25.70816,-80.407,0.0
Kendall West, Florida,25.7065,-80.4388,0.0
Kendall, Florida,25.67927,-80.31727,0.350600584998793
Kenner, Louisiana,29.99409,-90.24174,0.21297594267213266
Kennesaw, Georgia,34.02343,-84.61549,0.08117341211407902
Kennewick, Washington,46.21125,-119.13723,0.0
Kenosha, Wisconsin,42.58474,-87.82119,0.10903052118653357
Kent, Washington,47.38093,-122.23484,0.2437793004275024
Kentwood, Michigan,42.86947,-85.64475,0.0
Kettering, Ohio,39.6895,-84.16883,0.0
Killeen, Texas,31.11712,-97.7278,0.06007457324402614
Kingsport, Tennessee,36.54843,-82.56182,0.4223510941375747
Kirkland, Washington,47.68149,-122.20874,1.040147713169962
Kissimmee, Florida,28.30468,-81.41667,0.5250285153487255
Knoxville, Tennessee,35.96064,-83.92074,0.4072163624140669
Kokomo, Indiana,40.48643,-86.1336,0.0
Koolaupoko, Hawaii,21.41667,-157.83333,0.0
Kyle, Texas,29.98911,-97.87723,0.0
La Crosse, Wisconsin,43.80136,-91.23958,0.0
La Habra, California,33.93196,-117.94617,0.0
La Mesa, California,32.76783,-117.02308,0.35448815247326
La Mirada, California,33.91724,-118.01201,0.28473228425544383
La Porte, Texas,29.66578,-95.01937,0.1211919245213003
La Presa, California,32.39433,-116.83642,0.0
La Puente, California,34.02001,-117.94951,0.0
La Quinta, California,33.66336,-116.31001,0.16198030259776125
La Vergne, Tennessee,36.01562,-86.58194,0.0
La Verne, California,34.10084,-117.76784,0.0
LaGrange, Georgia,33.03929,-85.03133,0.0
Lacey, Washington,47.03426,-122.82319,0.0
Lafayette, Indiana,40.4167,-86.87529,0.11547844654102064
Lafayette, Louisiana,30.22409,-92.01984,0.133093648363346
Laguna Hills, California,33.61252,-117.71283,0.9751172014697906
Laguna Niguel, California,33.52253,-117.70755,0.46957488192019536
Laguna, California,33.52253,-117.70755,0.0
Lake Charles, Louisiana,30.21309,-93.2044,0.11808059859457473
Lake Elsinore, California,33.66808,-117.32726,1.21673916289828
Lake Forest, California,33.64697,-117.68922,0.23762436763690564
Lake Havasu City, Arizona,34.4839,-114.32245,0.0
Lake Oswego, Oregon,45.42067,-122.67065,0.5815426291492081
Lake Ridge, Virginia,38.68789,-77.29776,0.0
Lake Stevens, Washington,48.0151,-122.06374,1.1040986131909323
Lake Worth, Florida,26.61708,-80.07231,0.14214349430268047
Lakeland, Florida,28.03947,-81.9498,0.13558048620652088
Lakeside, Florida,30.12996,-81.76815,0.0
Lakeville, Minnesota,44.64969,-93.24272,0.0
Lakewood, California,33.85363,-118.13396,0.3649466415784375
Lakewood, Colorado,39.70471,-105.08137,0.09802897944545992
Lakewood, New Jersey,40.09789,-74.21764,1.4477708179139595
Lakewood, Ohio,41.48199,-81.79819,0.14454781895749358
Lakewood, Washington,47.17176,-122.51846,0.32984078067024697
Lancaster, California,34.69804,-118.13674,0.5523226783616619
Lancaster, Ohio,39.71368,-82.59933,0.2735339806978171
Lancaster, Pennsylvania,40.03788,-76.30551,0.2573939826781996
Lancaster, Texas,32.59208,-96.75611,0.5578844617943475
Land O' Lakes, Florida,28.2189,-82.45759,0.0
Lansing, Michigan,42.73253,-84.55553,0.14741306567269366
Laramie, Wyoming,41.13998,-104.82025,0.2707315626135964
Laredo, Texas,27.50641,-99.50754,0.2904703241154176
Largo, Florida,27.90979,-82.78842,0.5898305084745762
Las Cruces, New Mexico,32.31232,-106.77834,0.49583606042178074
Las Vegas, Nevada,36.17497,-115.13722,0.5638302933125675
Lauderdale Lakes, Florida,26.16647,-80.20838,0.0
Lauderhill, Florida,26.14036,-80.21338,0.4801136365218556
Lawndale, California,33.88724,-118.35257,0.0
Lawrence, Indiana,38.83831,-86.43654,0.0
Lawrence, Kansas,38.97167,-95.23525,0.28425476634572217
Lawrence, Massachusetts,42.70704,-71.16311,0.13539930778797468
Lawrenceville, Georgia,33.95621,-83.98796,0.06149339527569913
Lawton, Oklahoma,34.60869,-98.39033,0.11156144855005913
Layton, Utah,41.06022,-111.97105,0.0
League City, Texas,29.50745,-95.09493,0.4393335716791132
Leander, Texas,30.57881,-97.85307,0.0
Leavenworth, Kansas,39.31111,-94.92246,0.7421409126459236
Leawood, Kansas,38.96667,-94.6169,0.3561723689511386
Lee's Summit, Missouri,38.91084,-94.38217,0.0
Leesburg, Virginia,39.11566,-77.5636,0.0
Lehi, Utah,40.39162,-111.85077,0.09374133310659903
Lehigh Acres, Florida,26.62535,-81.6248,0.20371373621092473
Lenexa, Kansas,38.95362,-94.73357,0.3504312138868673
Leominster, Massachusetts,42.52509,-71.75979,0.0
Levittown, New York,40.72593,-73.51429,0.0
Levittown, Pennsylvania,40.15511,-74.82877,0.8421367351444683
Lewiston, Idaho,46.41655,-117.01766,0.0
Lewiston, Maine,44.10035,-70.21478,0.0
Lewisville, Texas,33.04623,-96.99417,0.0
Lexington, Massachusetts,42.44732,-71.2245,0.3079091711223346
Lexington-Fayette, Kentucky,37.98869,-84.47772,0.0
Liberty, Missouri,39.24611,-94.41912,0.32693330755857836
Lima, Ohio,40.74255,-84.10523,0.3025621905098002
Lincoln Park, Michigan,42.25059,-83.17854,0.0
Lincoln, California,38.89156,-121.29301,0.40858002623637313
Lincoln, Nebraska,40.8,-96.66696,0.1720250895337652
Linden, New Jersey,40.62205,-74.24459,0.0
Linton Hall, Virginia,38.75984,-77.57499,0.0
Little Elm, Texas,33.16262,-96.93751,0.0
Little Rock, Arkansas,34.74648,-92.28959,0.14642758980769616
Littleton, Colorado,39.61332,-105.01665,0.27552370109391516
Livermore, California,37.68187,-121.76801,0.52903353164751
Livonia, Michigan,42.36837,-83.35271,0.2736279410375527
Lodi, California,38.1302,-121.27245,0.4675578077103677
Logan, Utah,41.73549,-111.83439,0.21942166840652894
Lombard, Illinois,41.88003,-88.00784,0.0
Lompoc Valley, California,34.68097,-120.46052,0.0
Lompoc, California,34.63915,-120.45794,1.1366693572789754
Long Beach, California,33.76696,-118.18923,0.36646283530297136
Long Beach, New York,40.58844,-73.65791,0.0
Long Branch, New Jersey,40.30428,-73.99236,0.8058881457945537
Longmont, Colorado,40.16721,-105.10193,0.2904624660801235
Longview, Texas,32.5007,-94.74049,0.17166667549103784
Longview, Washington,46.13817,-122.93817,0.0
Lorain, Ohio,41.45282,-82.18237,0.0959963353195108
Los Altos, California,37.38522,-122.11413,0.0
Los Angeles, California,34.05223,-118.24368,0.4218866921368181
Los Banos, California,37.05828,-120.84992,0.0
Los Gatos, California,37.22661,-121.97468,0.0
Louisville, Kentucky,38.25424,-85.75941,0.2540758026292705
Loveland, Colorado,40.39776,-105.07498,0.18767456730514662
Lowell, Massachusetts,42.63342,-71.31617,0.6208566418725019
Lubbock, Texas,33.57786,-101.85517,0.16692988598196454
Lufkin, Texas,31.33824,-94.7291,0.1405116800831108
Lynchburg, Virginia,37.41375,-79.14225,0.08609362894420852
Lynn, Massachusetts,42.46676,-70.94949,0.0
Lynnwood, Washington,47.82093,-122.31513,0.11089909076298317
Lynwood, California,33.93029,-118.21146,0.5082012028049927
Mableton, Georgia,33.81872,-84.58243,0.0
Macon, Georgia,32.84069,-83.6324,0.052207338900836356
Madera, California,36.96134,-120.06072,0.49089352509668593
Madison Heights, Michigan,42.48587,-83.1052,0.22243412391484346
Madison, Alabama,34.7304,-86.58594,0.07690829659237583
Madison, Wisconsin,43.07305,-89.40123,0.24515845635142855
Malden, Massachusetts,42.4251,-71.06616,0.33656779665644754
Manassas, Virginia,38.75095,-77.47527,0.13086800207823693
Manchester, Connecticut,41.77593,-72.52148,0.0
Manchester, New Hampshire,42.99564,-71.45479,0.16671150565143306
Manhattan Beach, California,33.88474,-118.41091,0.5280749928816824
Manhattan, Kansas,39.18361,-96.57167,0.3725533571463077
Manhattan, New York,40.71427,-74.00597,0.14189455653438848
Manitowoc, Wisconsin,44.08861,-87.65758,0.0
Mankato, Minnesota,44.15906,-94.00915,0.8312354558228414
Mansfield, Ohio,40.75839,-82.51545,0.3421117153552094
Mansfield, Texas,32.56319,-97.14168,0.36941455557062364
Manteca, California,37.79743,-121.21605,0.37640184469553967
Maple Grove, Minnesota,45.07246,-93.45579,0.0
Maplewood, Minnesota,44.95302,-92.99522,0.0
Marana, Arizona,32.40618,-111.21742,1.04670237700344
Margate, Florida,26.24453,-80.20644,0.5059569503024188
Maricopa, Arizona,33.44838,-112.07404,0.0
Marietta, Georgia,33.9526,-84.54993,0.3206600744319504
Marion, Iowa,41.33445,-93.09944,0.947760461458249
Marion, Ohio,40.58867,-83.12852,0.34011173846989246
Marlborough, Massachusetts,42.34593,-71.55229,0.5313387424445593
Marrero, Louisiana,29.89937,-90.10035,0.8366336634988727
Martinez, California,38.01937,-122.13413,0.18242021122036314
Martinez, Georgia,33.51736,-82.07567,0.5485480943883012
Marumsco, Virginia,38.64067,-77.25276,0.0
Marysville, Washington,48.05176,-122.17708,0.0
Mason, Ohio,39.36006,-84.30994,0.13924155627361617
Massillon, Ohio,40.79672,-81.52151,0.09628185906778564
Mather, California,38.55685,-121.29828,0.0
Matthews, North Carolina,35.11681,-80.72368,0.17201911091071334
McAllen, Texas,26.20341,-98.23001,0.05548957693278563
McKinney, Texas,33.19762,-96.61527,0.15739560034771788
McLean, Virginia,38.93428,-77.17748,0.1587661956403264
McMinnville, Oregon,45.21012,-123.19872,0.15681059012239168
Mechanicsville, Virginia,37.60876,-77.37331,1.3370253166037844
Medford, Massachusetts,42.41843,-71.10616,0.0
Medford, Oregon,42.32652,-122.87559,0.18957296489136866
Melbourne, Florida,28.08363,-80.60811,0.13096453613684197
Memphis, Tennessee,35.14953,-90.04898,0.2911155258606364
Menifee, California,33.72835,-117.14642,0.0
Menlo Park, California,37.45383,-122.18219,0.0
Menomonee Falls, Wisconsin,43.1789,-88.11731,0.7161016950137181
Mentor, Ohio,41.66616,-81.33955,0.13751017085384334
Merced, California,37.30216,-120.48297,0.0
Meriden, Connecticut,41.53815,-72.80704,0.0
Meridian, Idaho,43.61211,-116.39151,0.07063199260648086
Meridian, Mississippi,32.36431,-88.70366,0.10006661238735552
Merrillville, Indiana,41.48281,-87.33281,0.0739568781448802
Merritt Island, Florida,28.34167,-80.68505,0.17329151337672027
Mesa, Arizona,33.42227,-111.82264,0.2293783918607596
Mesquite, Texas,32.7668,-96.59916,0.09251283324010505
Metairie, Louisiana,29.98409,-90.15285,0.3979361531410611
Methuen, Massachusetts,42.7262,-71.19089,0.0
Metropolitan Government, Tennessee,36.17821,-86.78113,0.0
Miami Beach, Florida,25.79065,-80.13005,0.09363945046183908
Miami Lakes, Florida,25.90871,-80.30866,0.0
Miami, Florida,25.77427,-80.19366,0.2633937268892145
Michigan City, Indiana,41.70754,-86.89503,0.24088082208166026
Middletown, Connecticut,41.56232,-72.65065,0.2750298644548897
Middletown, Ohio,39.51506,-84.39828,0.09659179827309788
Midland, Michigan,43.61558,-84.24721,0.1727847678473333
Midland, Texas,31.99735,-102.07791,0.15902008364589437
Midvale, Utah,40.61106,-111.89994,0.0
Midwest City, Oklahoma,35.44951,-97.3967,0.15922216680330706
Milford, Connecticut,41.22232,-73.0565,0.0
Millcreek, Utah,40.68689,-111.87549,0.0
Milpitas, California,37.42827,-121.90662,0.0
Milton, Georgia,34.13216,-84.30067,0.6926229509388941
Milwaukee, Wisconsin,43.0389,-87.90647,0.3538791019681979
Mingus Mountain, Arizona,34.69391,-112.12766,0.0
Minneapolis, Minnesota,44.97997,-93.26384,0.32059934400276763
Minnetonka, Minnesota,44.9133,-93.50329,0.0
Minot, North Dakota,48.23251,-101.29627,0.1985873577438081
Miramar, Florida,25.98731,-80.23227,0.4153389831079565
Mishawaka, Indiana,41.66199,-86.15862,0.18081312406843647
Mission Bend, Texas,29.69384,-95.66495,0.0
Mission Viejo, California,33.60002,-117.672,0.0
Mission, Texas,26.21591,-98.32529,0.22391560893783186
Missoula, Montana,46.87215,-113.994,0.24673602957424381
Missouri City, Texas,29.61857,-95.53772,0.12270281851015667
Mobile, Alabama,30.69436,-88.04305,0.47554222292757226
Modesto, California,37.6391,-120.99688,0.42467324386382216
Moline, Illinois,41.5067,-90.51513,0.4250562409989753
Monroe, Louisiana,32.50931,-92.1193,0.11477807881874036
Monroe, North Carolina,34.98543,-80.54951,0.0
Monrovia, California,34.14806,-117.99895,0.0
Montclair, California,34.07751,-117.68978,0.2532222723466994
Montclair, New Jersey,40.82593,-74.20903,0.3251218406398241
Montebello, California,34.00946,-118.10535,0.44014617449741694
Monterey Park, California,34.06251,-118.12285,0.2689714013596564
Montgomery Village, Maryland,39.17677,-77.19526,0.0
Montgomery, Alabama,32.36681,-86.29997,0.23487736651099045
Moore, Oklahoma,35.33951,-97.4867,0.4218893706297591
Mooresville, North Carolina,35.58486,-80.81007,0.5476877208141844
Moorhead, Minnesota,46.87386,-96.76951,0.0
Moorpark, California,34.28556,-118.88204,0.0
Moreno Valley, California,33.93752,-117.23059,0.13640032281446107
Morgan Hill, California,37.1305,-121.65439,0.3497444175521307
Morgantown, West Virginia,39.62953,-79.9559,0.0
Mount Lebanon, Pennsylvania,40.2476,-76.47107,0.0
Mount Pleasant, New York,41.16287,-73.86152,0.0
Mount Pleasant, South Carolina,32.79407,-79.86259,0.2579323640575291
Mount Prospect, Illinois,42.06642,-87.93729,0.428233571651788
Mount Vernon, New York,40.9126,-73.83708,0.416472714384586
Mount Vernon, Washington,38.90266,-77.02264,0.4501549115995775
Mountain View, California,37.38605,-122.08385,0.0
Muncie, Indiana,40.19338,-85.38636,0.0
Mundelein, Illinois,42.26308,-88.00397,0.0
Murfreesboro, Tennessee,35.84562,-86.39027,0.37839464568790876
Murray, Utah,40.66689,-111.88799,0.13806050208187925
Murrieta, California,33.55391,-117.21392,0.16117762919223064
Muskegon, Michigan,43.23418,-86.24839,0.08839979080737585
Muskogee, Oklahoma,35.74788,-95.36969,0.20121811603142636
Nacogdoches, Texas,31.60351,-94.65549,0.20319338237852666
Nampa, Idaho,43.54072,-116.56346,0.24026257664379588
Napa, California,38.29714,-122.28553,0.0
Naperville, Illinois,41.78586,-88.14729,0.3511935417896024
Nashua, New Hampshire,42.76537,-71.46757,0.5896241068973578
Nashville-Davidson, Tennessee,36.16589,-86.78444,0.0
Natick, Massachusetts,42.28343,-71.3495,0.0
National City, California,32.67811,-117.0992,0.9465861441941568
Naugatuck, Connecticut,41.48593,-73.05066,0.0
Navarre, Florida,30.40159,-86.86357,0.0
New Albany, Indiana,38.28562,-85.82413,0.11215523874200874
New Bedford, Massachusetts,41.63622,-70.93421,0.22376776105267301
New Berlin, Wisconsin,42.9764,-88.10842,0.0
New Bern, North Carolina,35.10849,-77.04411,0.0
New Braunfels, Texas,29.703,-98.12445,0.2700588730201758
New Britain, Connecticut,41.66121,-72.77954,1.0392528735597542
New Brunswick, New Jersey,40.48622,-74.45182,0.2889958394796258
New City, New York,40.71427,-74.00597,0.528933403323172
New Haven, Connecticut,41.30815,-72.92816,0.4649669846637092
New Iberia, Louisiana,30.00354,-91.81873,0.0
New Orleans, Louisiana,29.95465,-90.07507,0.4976726512968609
New Rochelle, New York,40.91149,-73.78235,0.3984674331272882
New York, New York,40.71427,-74.00597,0.5202758767272807
Newark, California,37.52966,-122.04024,0.42938399503557056
Newark, Delaware,39.68372,-75.74966,0.29235743560359406
Newark, New Jersey,40.73566,-74.17237,0.1679036037833159
Newark, Ohio,40.05812,-82.40126,0.16800648019329625
Newhall, California,34.38472,-118.53092,0.0
Newington, Connecticut,41.69788,-72.72371,0.0
Newnan, Georgia,33.38067,-84.79966,0.09335996308598932
Newport Beach, California,33.61891,-117.92895,0.17948564336053985
Newport News, Virginia,37.08339,-76.46965,0.2874533863694704
Newton, Massachusetts,42.33704,-71.20922,0.40981723502519807
Niagara Falls, New York,43.0945,-79.05671,0.23268290365191016
Niles, Illinois,42.03336,-87.73339,0.0
Noblesville, Indiana,40.04559,-86.0086,0.4021502817696647
Norfolk, Virginia,36.84681,-76.28522,0.04616050699186002
Normal, Illinois,40.5142,-88.99063,0.8977991398669516
Norman, Oklahoma,35.22257,-97.43948,0.2827526005370583
Norristown, Pennsylvania,40.1215,-75.3399,0.0
North Antelope Valley, California,34.72835,-118.39496,0.0
North Atlanta, Georgia,33.749,-84.38798,0.48996431758648884
North Aurora, Colorado,39.72943,-104.83192,0.0
North Bethesda, Maryland,38.98067,-77.10026,0.7708743459670907
North Brunswick Township, New Jersey,40.41483,-74.36543,0.0
North Charleston, South Carolina,32.77657,-79.93092,0.3176980685874056
North Chicago, Illinois,41.85003,-87.65005,0.1792124931289058
North Cleveland, Oklahoma,35.22257,-97.43948,0.0
North Coast, California,38.38658,-123.08445,0.0
North Davis, Utah,41.06022,-111.97105,0.0
North El Dorado, California,38.93324,-119.98435,0.0
North Fort Myers, Florida,26.62168,-81.84059,0.0
North Hempstead, New York,40.70621,-73.61874,0.0
North Highlands, California,38.68574,-121.37217,6.667963324293082
North Kona, Hawaii,19.73861,-156.04556,0.0
North Las Vegas, Nevada,36.17497,-115.13722,0.22465935527670802
North Lauderdale, Florida,26.12231,-80.14338,1.0553077609555144
North Little Rock, Arkansas,34.74648,-92.28959,0.0
North Miami Beach, Florida,25.79065,-80.13005,0.0
North Miami, Florida,25.77427,-80.19366,0.16538145379200664
North Olmsted, Ohio,41.4156,-81.92347,0.21217827998746366
North Peninsula, Florida,29.39331,-81.08867,0.0
North Pinal, Arizona,33.05811,-112.04764,0.0
North Port, Florida,27.29393,-80.35033,0.10875947239835125
North Providence, Rhode Island,41.82399,-71.41283,0.26809718626312584
North Richland Hills, Texas,32.8343,-97.2289,0.09036847396354171
North Ridgeville, Ohio,41.38949,-82.01903,0.24313267103649813
North Royalton, Ohio,41.31366,-81.72457,0.0
North Tonawanda, New York,43.03867,-78.8642,0.4413569768801714
North Valleys, Nevada,39.6072,-119.8238,0.0
North Westside, Florida,29.66139,-82.37167,0.0
North Whidbey, Washington,48.34433,-122.66613,0.0
Northbrook, Illinois,42.12753,-87.82895,0.0
Northeast Tarrant, Texas,32.83207,-97.17779,0.0
Northglenn, Colorado,39.88554,-104.9872,0.0
Northwest Clackamas, Oregon,45.36568,-122.61231,0.0
Northwest Dade, Florida,25.72788,-80.15671,0.0
Northwest Harris, Texas,29.99578,-95.48605,0.0
Northwest Umatilla, Oregon,45.91735,-119.34252,0.0
Norwalk, California,33.90224,-118.08173,0.7608259214017355
Norwalk, Connecticut,41.1176,-73.4079,0.253725843890426
Norwich, Connecticut,41.52426,-72.07591,0.37470437526105893
Novato, California,38.10742,-122.5697,0.8447141943677597
Novi, Michigan,42.48059,-83.47549,0.29160450779879293
O'Fallon, Missouri,38.81061,-90.69985,0.0
Oak Creek, Wisconsin,42.88585,-87.86314,0.0
Oak Lawn, Illinois,41.71087,-87.75811,0.0
Oak Park, Illinois,41.88503,-87.7845,0.34320081227996047
Oakland Park, Florida,26.17231,-80.13199,0.0
Oakland, California,37.80437,-122.2708,0.3709943578390777
Oakley, California,37.99742,-121.71245,0.5578619944717731
Oakton, Virginia,38.88095,-77.30082,0.0
Oakville, Missouri,38.47005,-90.30456,0.0
Ocala, Florida,29.1872,-82.14009,0.15289928451692483
Oceanside, California,33.19587,-117.37948,0.0
Oceanside, New York,40.63871,-73.64013,0.0
Ocoee, Florida,28.56917,-81.54396,0.28088471655819575
Odenton, Maryland,39.084,-76.70025,0.0
Odessa, Texas,31.84568,-102.36764,0.31489139137679756
Ogden, Utah,41.223,-111.97383,0.21816227546939948
Oildale, California,35.41968,-119.01955,0.0
Oklahoma City, Oklahoma,35.46756,-97.51643,0.5571306983035296
Olathe, Kansas,38.8814,-94.81913,0.729121725692125
Olive Branch, Mississippi,34.96176,-89.82953,0.0
Olney, Maryland,39.15316,-77.06692,0.0
Olympia, Washington,47.03787,-122.9007,0.6989700751554699
Omaha, Nebraska,41.25626,-95.94043,0.13014158705766954
Ontario, California,34.06334,-117.65089,0.10497289564557176
Orange, California,33.78779,-117.85311,0.09302384660823687
Orange, New Jersey,40.76732,-74.20487,0.0
Orangetown, New York,41.05899,-74.02181,0.0
Orangevale, California,38.67851,-121.22578,0.0
Oregon City, Oregon,45.52345,-122.67621,0.4881615182472588
Orem, Utah,40.2969,-111.69465,0.6944420910424431
Orland Park, Illinois,41.63031,-87.85394,0.38850574703502366
Orlando, Florida,28.53834,-81.37924,0.38737084901232216
Ormond Beach, Florida,29.28581,-81.05589,0.18005498911243034
Oro Valley, Arizona,32.39091,-110.96649,0.6402136959617033
Oshkosh, Wisconsin,44.02471,-88.54261,0.0
Oswego, Illinois,41.68281,-88.35146,0.45189683032074623
Overland Park, Kansas,38.98223,-94.67079,0.33037188703798437
Oviedo, Florida,28.67,-81.20812,0.16094168716094284
Owasso, Oklahoma,36.26954,-95.85471,0.0
Owensboro, Kentucky,37.77422,-87.11333,0.49187424281199904
Owings Mills, Maryland,39.41955,-76.78025,0.0
Oxnard, California,34.1975,-119.17705,0.36281059014072287
Oxon Hill-Glassmanor, Maryland,38.79615,-76.97499,0.0
Pacifica, California,37.61383,-122.48692,0.42374502405368086
Pahrump, Nevada,36.20829,-115.98391,0.43319302787140107
Palatine, Illinois,42.1103,-88.03424,0.16018653674019284
Palm Bay, Florida,28.03446,-80.58866,0.22281947256420476
Palm Beach Gardens, Florida,26.82339,-80.13865,0.0
Palm Coast, Florida,29.58497,-81.20784,0.14075352466731145
Palm Desert, California,33.72255,-116.37697,0.2346684608257871
Palm Harbor, Florida,28.07807,-82.76371,0.3274097516114642
Palm Springs, California,33.8303,-116.54529,0.6433426991530306
Palmdale, California,34.57943,-118.11646,0.4691415948044342
Palo Alto, California,37.44188,-122.14302,0.11203677100482522
Palos Verdes, California,33.74446,-118.38702,0.0
Panama City, Florida,30.15946,-85.65983,0.06850486647629489
Paradise, Nevada,36.09719,-115.14666,0.7161016948641041
Paramount, California,33.88946,-118.15979,0.4965327688908932
Park Ridge, Illinois,42.01114,-87.84062,0.0
Parker, Colorado,39.5186,-104.76136,0.20091573621323322
Parkersburg, West Virginia,39.26674,-81.56151,0.0
Parkland, Washington,47.15538,-122.43401,0.0
Parkville, Maryland,39.37733,-76.53969,0.0
Parkway-South Sacramento, California,38.5094,-121.45332,0.0
Parma, Ohio,41.40477,-81.72291,0.3716734520381499
Pasadena, California,34.14778,-118.14452,0.15639897797401064
Pasadena, Texas,29.69106,-95.2091,0.45419732134624824
Pasco, Washington,46.23958,-119.10057,0.10230024213410593
Paso Robles, California,35.62664,-120.691,0.0
Passaic, New Jersey,40.91677,-74.17181,0.18782995276576533
Paterson, New Jersey,40.91677,-74.17181,0.0
Pawtucket, Rhode Island,41.87871,-71.38256,0.0
Peabody, Massachusetts,42.52787,-70.92866,0.0
Peachtree City, Georgia,33.39678,-84.59576,0.4483008963639233
Pearl City, Hawaii,21.39734,-157.97516,0.0
Pearland, Texas,29.56357,-95.28605,0.6427999465662282
Pekin, Illinois,40.56754,-89.64066,1.3397225428183155
Pembroke Pines, Florida,26.00315,-80.22394,0.1496099297316157
Pendleton, California,33.30125,-117.35515,0.0
Penfield, New York,43.13034,-77.47555,0.0
Penn Hills, Pennsylvania,40.50118,-79.83922,0.0
Pennsauken, New Jersey,39.95622,-75.05795,0.0
Pensacola, Florida,30.42131,-87.21691,0.22000244081707965
Peoria, Arizona,33.5806,-112.23738,0.14912733065071468
Peoria, Illinois,40.69365,-89.58899,0.6710965860816026
Perinton, New York,43.09867,-77.44194,0.0
Perris Valley, California,33.76085,-117.21837,0.0
Perris, California,33.78252,-117.22865,0.0
Perth Amboy, New Jersey,40.50677,-74.26542,0.0
Petaluma, California,38.23242,-122.63665,0.7961324966409689
Petersburg, Virginia,37.22793,-77.40193,0.288750683443758
Pflugerville, Texas,30.43937,-97.62,0.20460048426032024
Pharr, Texas,26.1948,-98.18362,0.5184831263503304
Phenix City, Alabama,32.47098,-85.00077,0.0
Philadelphia, Pennsylvania,39.95233,-75.16379,0.28935965687074283
Phoenix, Arizona,33.44838,-112.07404,0.21302086521581343
Pico Rivera, California,33.98307,-118.09673,0.6187118647532583
Pikesville, Maryland,39.37427,-76.72247,0.0
Pine Bluff, Arkansas,34.22843,-92.0032,0.0
Pine Hills, Florida,28.55778,-81.4534,0.0
Pinellas Park, Florida,27.8428,-82.69954,0.0
Pittsburg, California,38.02798,-121.88468,0.0
Pittsburgh, Pennsylvania,40.44062,-79.99589,0.29633553045255956
Pittsfield, Massachusetts,42.45008,-73.24538,0.0
Placentia, California,33.87224,-117.87034,0.35005233968656185
Plainfield, Illinois,41.62697,-88.20395,0.0
Plainfield, Indiana,39.70421,-86.39944,0.3142387184226102
Plainfield, New Jersey,40.63371,-74.40737,1.053745499240795
Plano, Texas,33.01984,-96.69889,0.22340084140515898
Plant City, Florida,28.01888,-82.11469,0.3758466152171858
Plantation, Florida,26.13421,-80.23184,0.3412947733375879
Pleasant Grove, Utah,40.36412,-111.73854,0.40513398644162657
Pleasant Hill, California,37.94798,-122.0608,0.0
Pleasanton, California,37.66243,-121.87468,0.0
Plymouth, Minnesota,45.01052,-93.45551,0.5983014161310494
Pocatello, Idaho,42.8713,-112.44553,0.3074386491776673
Poinciana, Florida,28.14029,-81.45841,0.22000714722405373
Pomona, California,34.05529,-117.75228,0.11040026126354309
Pompano Beach, Florida,26.23786,-80.12477,0.13646466259661477
Ponte Vedra, Florida,30.23969,-81.38564,0.0
Pontiac, Michigan,42.63892,-83.29105,0.5225343255236546
Pontiac, South Carolina,34.96762,-82.44345,0.0
Port Arthur, Texas,29.88519,-93.94233,0.3203998173274293
Port Charlotte, Florida,26.97617,-82.09064,0.3484688953706208
Port Orange, Florida,29.13832,-80.99561,0.0
Port St. Lucie, Florida,27.29393,-80.35033,0.0
Portage, Indiana,41.68338,-86.25001,0.0
Portage, Michigan,42.20115,-85.58,0.438611821175237
Porterville, California,36.06523,-119.01677,0.0
Portland, Maine,43.66147,-70.25533,0.32226283167148206
Portland, Oregon,45.52345,-122.67621,0.5593488360981539
Portsmouth, Virginia,36.83543,-76.29827,0.23046951103064583
Potomac, Maryland,39.01817,-77.20859,0.0
Poughkeepsie, New York,41.70037,-73.92097,1.0140513445773576
Poway, California,32.96282,-117.03586,0.3758429384342658
Prattville, Alabama,32.46402,-86.4597,0.4326959743082446
Prescott Valley, Arizona,34.61002,-112.31572,0.0
Prescott, Arizona,34.54002,-112.4685,0.31715241883291917
Princeton, New Jersey,40.34872,-74.65905,0.247520427514745
Providence, Rhode Island,41.82399,-71.41283,0.18340704550026007
Provo, Utah,40.23384,-111.65853,0.14753382801827444
Pueblo, Colorado,38.25445,-104.60914,0.3846954305440647
Pullman, Washington,46.73127,-117.17962,0.5011724137349675
Puyallup, Washington,47.18538,-122.2929,0.48673589339037865
Queen Creek, Arizona,33.24866,-111.6343,0.21675332018925378
Queens, New York,40.68149,-73.83652,0.27786708390418086
Quincy, Illinois,39.9356,-91.40987,0.1404845865277866
Quincy, Massachusetts,42.25288,-71.00227,0.40828003613645064
Racine, Wisconsin,42.72613,-87.78285,0.16076585059040477
Radnor Township, Pennsylvania,40.044,-75.38769,0.0
Raleigh, North Carolina,35.7721,-78.63861,0.2725835859898076
Ramapo, New York,41.11315,-74.04375,0.0
Rancho Cordova, California,38.58907,-121.30273,0.0
Rancho Cucamonga, California,34.1064,-117.59311,0.0
Rancho Palos Verdes, California,33.74446,-118.38702,0.0
Rancho Santa Margarita, California,33.64086,-117.6031,0.0
Randallstown, Maryland,39.36733,-76.79525,0.0
Randolph, Massachusetts,42.1626,-71.04116,0.0
Rapid City, South Dakota,44.08054,-103.23101,0.10949567201125042
Reading, Pennsylvania,40.33565,-75.92687,0.25130874165905737
Redan, Georgia,33.74538,-84.13158,0.0
Redding, California,40.58654,-122.39168,0.0
Redford, Michigan,42.38337,-83.2966,0.0
Redlands, California,34.05557,-117.18254,0.09003098230733052
Redmond, Washington,47.67399,-122.12151,0.23803193591977015
Redondo Beach, California,33.84918,-118.38841,0.17779076565080765
Redwood City, California,37.48522,-122.23635,0.32720751604002873
Reno, Nevada,39.52963,-119.8138,0.33234272204775345
Renton, Washington,47.48288,-122.21707,0.2113086968673403
Reston, Virginia,38.96872,-77.3411,0.21486286727800116
Revere, Massachusetts,42.40843,-71.01199,0.0
Reynoldsburg, Ohio,39.95479,-82.81212,0.3358481219791094
Rialto, California,34.1064,-117.37032,0.0
Richardson, Texas,32.94818,-96.72972,0.2997258225764801
Richfield, Minnesota,44.8833,-93.283,0.0
Richland, Washington,46.28569,-119.28446,0.34591726975062065
Richmond West, Florida,25.6105,-80.42971,0.0
Richmond, California,37.93576,-122.34775,0.0
Richmond, Indiana,39.82894,-84.89024,0.06770951277370804
Richmond, Kentucky,37.74786,-84.29465,0.0
Richmond, Virginia,37.55376,-77.46026,0.2721797622523358
Rio Rancho, New Mexico,35.23338,-106.66447,1.075036618603149
Riverside, California,33.95335,-117.39616,0.3616675226878967
Riverton, Utah,40.52189,-111.9391,0.5573980759808802
Riverview, Florida,27.86614,-82.32648,0.28078232697976313
Riviera Beach, Florida,26.77534,-80.0581,0.0
Roanoke, Virginia,37.27097,-79.94143,0.15114766400562732
Rochester Hills, Michigan,42.65837,-83.14993,0.1339470796272467
Rochester, Minnesota,44.02163,-92.4699,0.056342615840011316
Rochester, New York,43.15478,-77.61556,0.36446269114814117
Rock Hill, South Carolina,34.92487,-81.02508,0.0
Rock Island, Illinois,41.50948,-90.57875,0.04481470842167895
Rockford, Illinois,42.27113,-89.094,0.02276952924822588
Rocklin, California,38.79073,-121.23578,0.0
Rockville, Maryland,39.084,-77.15276,0.0
Rockwall, Texas,32.93123,-96.45971,0.2440189261514603
Rocky Mount, North Carolina,35.93821,-77.79053,0.7173384853986634
Rogers, Arkansas,36.33202,-94.11854,0.0
Rohnert Park, California,38.33964,-122.7011,0.8133500731580032
Rome, Georgia,34.25704,-85.16467,0.2941263927849588
Rome, New York,43.21285,-75.45573,0.3275517671127463
Romeoville, Illinois,41.64753,-88.08951,0.568097377937383
Rosemead, California,34.08057,-118.07285,0.0
Rosenberg, Texas,29.55718,-95.80856,0.3782810859590932
Roseville, California,38.75212,-121.28801,0.2545836824539775
Roseville, Michigan,42.49726,-82.93714,0.28000066271744056
Roseville, Minnesota,45.00608,-93.15661,0.0
Ross Township, Pennsylvania,40.52549,-80.02424,0.0
Ross Valley, California,37.94881,-122.54498,0.0
Roswell, Georgia,34.02316,-84.36159,0.15155591425869067
Roswell, New Mexico,33.39437,-104.52491,0.3175087371921195
Round Rock, Texas,30.50826,-97.6789,0.08046673551652547
Rowland Heights, California,33.97612,-117.90534,0.0
Rowlett, Texas,32.9029,-96.56388,0.09433131890228759
Roy, Utah,41.16161,-112.02633,0.0
Royal Oak, Michigan,42.48948,-83.14465,0.08365674005848298
Royal Palm Beach, Florida,26.7084,-80.2306,0.0
Rubidoux, California,33.99613,-117.4056,0.0
Sacramento, California,38.58157,-121.4944,0.29694056839796606
Saginaw, Michigan,43.41947,-83.95081,0.275884431326088
Salem, Massachusetts,42.51954,-70.89672,0.7940146359933558
Salem, Oregon,44.9429,-123.0351,0.24788225083439455
Salina, Kansas,38.84028,-97.61142,0.9372019901534642
Salina, New York,43.04812,-76.14742,0.0
Salinas, California,36.67774,-121.6555,0.054038134644042196
Salisbury, Maryland,38.36067,-75.59937,0.46266309411298084
Salisbury, North Carolina,35.67097,-80.47423,0.32986337023014345
Salt Lake City, Utah,40.76078,-111.89105,0.3307181599899695
San Tan Valley, Arizona,33.1911,-111.528,0.41368667517667207
Sandy Springs, Georgia,33.92427,-84.37854,0.0
Sandy, Utah,40.59161,-111.8841,0.07329727992326811
Sanford, Florida,28.80055,-81.27312,0.8501238584873604
Santa Ana, California,33.74557,-117.86783,0.331604361150892
Santa Barbara, California,34.42083,-119.69819,0.43994820769032744
Santa Clara, California,37.35411,-121.95524,1.8492593054080946
Santa Clarita, California,34.39166,-118.54259,0.2489633347714944
Santa Cruz, California,36.97412,-122.0308,0.24645298497450935
Santa Fe, New Mexico,35.68698,-105.9378,0.3146539727570012
Santa Maria Valley, California,34.95303,-120.43572,0.0
Santa Maria, California,34.95303,-120.43572,0.0
Santa Monica, California,34.01945,-118.49119,0.19054398821278978
Santa Paula, California,34.35417,-119.05927,0.0
Santa Rosa, California,38.44047,-122.71443,0.05265891151042767
Santee, California,32.83838,-116.97392,0.3813799395837186
Sarasota, Florida,27.33643,-82.53065,0.09262633353843312
Saratoga, California,37.26383,-122.02301,0.6902185010599359
Savannah, Georgia,32.08354,-81.09983,0.31629786713937036
Sayreville, New Jersey,40.45927,-74.36098,0.0
Schaumburg, Illinois,42.03336,-88.08341,0.08621960206487456
Schenectady, New York,42.81424,-73.93957,0.4185809333965235
Schertz, Texas,29.55217,-98.26973,0.4054237288297763
Scottsdale, Arizona,33.50921,-111.89903,0.2115119587503206
Scranton, Pennsylvania,41.40916,-75.6649,0.4370872567741752
Seaside, California,36.61107,-121.85162,0.5045261943111026
Seattle Hill-Silver Firs, Washington,47.85595,-122.15838,0.0
Seattle, Washington,47.60621,-122.33207,0.2100495303743067
Security-Widefield, Colorado,38.74728,-104.71439,0.0
Severn, Maryland,39.13705,-76.6983,0.0
Severna Park, Maryland,39.07039,-76.54524,0.4296610169789516
Shakopee, Minnesota,44.79802,-93.5269,0.22485104412435883
Shawnee, Kansas,39.04833,-95.67804,0.14265125152108793
Shawnee, Oklahoma,35.32729,-96.9253,0.12620949408007895
Sheboygan, Wisconsin,43.75083,-87.71453,0.15609846204476827
Shelby, Michigan,43.60862,-86.36396,0.0
Shelton, Connecticut,41.31649,-73.09316,0.46833405648421667
Sherman, Texas,36.27771,-101.89348,0.0
Sherwood, Arkansas,34.81509,-92.22432,0.4584903333790182
Shoreline, Washington,47.75565,-122.34152,0.0
Shreveport, Louisiana,32.52515,-93.75018,0.648783617591221
Shrewsbury, Massachusetts,42.29593,-71.71285,0.0
Sierra Vista, Arizona,31.55454,-110.30369,1.2014218010048068
Silver Spring, Maryland,38.99067,-77.02609,0.45870834489774354
Simi Valley, California,34.26945,-118.78148,0.44613769315166696
Sioux City, Iowa,42.49999,-96.40031,0.1159678858391239
Sioux Falls, South Dakota,43.54997,-96.70033,0.2903780067813815
Skokie, Illinois,42.03336,-87.73339,0.0
Smyrna, Georgia,33.88399,-84.51438,0.6654341222002672
Smyrna, Tennessee,35.98284,-86.5186,0.0
Snoqualmie Valley, Washington,47.51825,-121.81425,0.0
Socorro, Texas,31.65456,-106.30331,0.0
Somerville, Massachusetts,42.3876,-71.0995,0.0
South Aurora, Colorado,39.68894,-104.83219,0.0
South Bend, Indiana,41.68338,-86.25001,0.09312701642242466
South Coast, California,33.78335,-118.34507,0.0
South Davis, Utah,41.13244,-111.93022,0.0
South El Dorado, California,38.93324,-119.98435,0.0
South Gate, California,33.95474,-118.21202,0.1313345612334506
South Hill, Washington,38.92114,-77.03544,0.0
South Jordan, Utah,40.56217,-111.92966,0.4230059661045348
South Kingstown, Rhode Island,41.48038,-71.52256,0.0
South Miami Heights, Florida,25.59761,-80.38061,0.0
South San Francisco, California,37.65466,-122.40775,0.0910491665273628
South Valley, New Mexico,35.01005,-106.67808,0.0
South Westside, Florida,29.66139,-82.37167,0.0
South Whittier, California,33.95015,-118.03917,0.0
Southaven, Mississippi,34.98898,-90.01259,0.0
Southeast Harris, Texas,30.04439,-95.55328,0.0
Southfield, Michigan,42.47337,-83.22187,0.2707397834025517
Southglenn, Colorado,39.58721,-104.95276,0.0
Southington, Connecticut,41.59649,-72.8776,0.4046373889055259
Southwest Orange, Florida,28.45588,-81.48968,0.0
Spanish Fork, Utah,40.11496,-111.65492,0.2873386111507908
Sparks, Nevada,39.53491,-119.75269,0.6856370916945176
Spartanburg, South Carolina,34.94957,-81.93205,0.22698141579393447
Spokane Valley, Washington,47.67323,-117.23937,0.43686707179501755
Spokane, Washington,47.65966,-117.42908,0.2868652142458041
Spring Hill, Florida,28.47688,-82.52546,0.4308829238426463
Northeast Cobb, Georgia,34.06177,-84.43132,0.0
Northeast Harris, Texas,29.99376,-95.27718,0.0
Sammamish, Washington,47.64177,-122.0804,1.3244514096816915
San Angelo, Texas,31.46377,-100.43704,0.7586700211311673
San Antonio, Texas,29.42412,-98.49363,0.6705742934303446
San Bernardino, California,34.10834,-117.28977,1.026551724178993
San Bruno, California,37.63049,-122.41108,1.7288505756808001
San Buenaventura (Ventura), California,34.27834,-119.29317,0.0
San Clemente, California,33.42697,-117.61199,0.5572193981158131
San Diego, California,32.71571,-117.16472,0.505844695449562
San Dimas, California,34.10668,-117.80673,0.0
San Francisco, California,37.77493,-122.41942,0.5538349391898142
San Gabriel, California,34.09611,-118.10583,0.0
San Gorgonio Pass, California,33.91668,-116.75085,0.0
San Jacinto, California,33.78391,-116.95864,0.0
San Jose, California,37.33939,-121.89496,0.41431844384610195
San Juan Capistrano, California,33.50169,-117.66255,0.0
San Juan, Texas,26.18924,-98.15529,0.0
San Leandro, California,37.72493,-122.15608,0.4135295889067979
San Luis Obispo, California,35.28275,-120.65962,0.1745102947575465
San Luis, Arizona,32.487,-114.78218,0.0
San Marcos, California,33.14337,-117.16614,0.0
San Marcos, Texas,29.88327,-97.94139,0.18513345119713462
San Mateo, California,37.56299,-122.32553,0.19993006057686213
San Pablo, California,37.96215,-122.34553,0.41755200865920333
San Rafael, California,37.97353,-122.53109,0.3035242853165641
San Ramon, California,37.77993,-121.97802,0.0
Spring Hill, Tennessee,35.75118,-86.93,0.0
Spring Valley, Nevada,36.10803,-115.245,0.0
Spring Valley, New York,41.11315,-74.04375,0.0
Spring, Texas,30.07994,-95.41716,0.2440934966081026
Springdale, Arkansas,36.18674,-94.12881,0.23029649882922484
Springfield, Illinois,39.80172,-89.64371,0.19758841786304687
Springfield, Massachusetts,42.10148,-72.58981,0.5061325411646305
Springfield, Missouri,37.21533,-93.29824,0.1821328434309648
Springfield, Ohio,39.92423,-83.80882,0.20247366010077875
Springfield, Oregon,44.04624,-123.02203,0.0800782101147024
Springfield, Virginia,38.78928,-77.1872,0.29944515318392945
Springville, Utah,40.16523,-111.61075,0.28583891181940696
St. Charles, Illinois,41.91419,-88.30869,0.14553567933696587
St. Charles, Maryland,38.60728,-76.92478,0.0
St. Charles, Missouri,38.78394,-90.48123,0.427351011453079
St. Clair Shores, Michigan,42.49698,-82.88881,0.0
St. Cloud, Florida,28.2489,-81.28118,0.0
St. Cloud, Minnesota,45.5608,-94.16249,0.0
St. George, Utah,37.10415,-113.58412,0.1547381809704128
St. Joseph, Missouri,39.76861,-94.84663,0.5115012107240844
St. Louis Park, Minnesota,47.79631,-92.07682,0.0
St. Louis, Missouri,38.62727,-90.19789,0.22064534981206313
St. Paul, Minnesota,44.94441,-93.09327,0.15906920498928806
St. Peters, Missouri,38.80033,-90.62651,0.31941226683579693
St. Petersburg, Florida,27.77086,-82.67927,0.10602104684384878
Stamford, Connecticut,41.05343,-73.53873,0.0
Stanton, California,33.80252,-117.99312,0.0
State College, Pennsylvania,40.79339,-77.86,0.0
Staten Island, New York,40.56233,-74.13986,0.07191581168290746
Statesboro, Georgia,32.44879,-81.78317,0.0
Sterling Heights, Michigan,42.58031,-83.0302,0.09808167542761242
Stillwater, Oklahoma,36.11561,-97.05837,0.12288697820782218
Stockton, California,37.9577,-121.29078,0.3772394333479269
Stow, Ohio,41.1595,-81.44039,0.18957027000519858
Stratford, Connecticut,41.18454,-73.13317,0.0
Streamwood, Illinois,42.02558,-88.17841,0.0
Strongsville, Ohio,41.3145,-81.83569,0.3220658376695667
Suffolk, Virginia,36.72836,-76.58496,0.0
Sugar Land, Texas,29.61968,-95.63495,0.21804783806974373
Suitland-Silver Hill, Maryland,38.84685,-76.92591,0.0
Summerville, South Carolina,33.0185,-80.17565,0.2188270504573073
Sumter, South Carolina,33.92044,-80.34147,0.18433275732416743
Sun City, Arizona,33.59754,-112.27182,0.0
Sun Prairie, Wisconsin,43.1836,-89.21373,0.0
Sunnyvale, California,37.36883,-122.03635,0.31464123550777184
Sunrise Manor, Nevada,36.21108,-115.07306,0.0
Sunrise, Florida,26.13397,-80.1131,0.08236850482797232
Surprise, Arizona,33.63059,-112.33322,0.20140360169601665
Syracuse, New York,43.04812,-76.14742,0.46015544536810254
Tacoma, Washington,47.25288,-122.44429,0.413332965350303
Tallahassee, Florida,30.43826,-84.28073,1.2851435579206485
Tamarac, Florida,26.21286,-80.24977,0.0
Tamiami, Florida,25.75871,-80.39839,0.0
Tampa, Florida,27.94752,-82.45843,0.354056046742209
Tanner-Williams, Alabama,30.6936,-88.2308,0.0
Taunton, Massachusetts,41.9001,-71.08977,0.16440303811281132
Taylor, Michigan,42.24087,-83.26965,0.0
Taylorsville, Utah,40.66772,-111.93883,0.0
Teaneck, New Jersey,40.8976,-74.01597,0.2495835694704356
Temecula, California,33.49364,-117.14836,0.07954383884041677
Tempe, Arizona,33.41477,-111.90931,0.2162578100529318
Temple City, California,34.10723,-118.05785,1.6368038732842363
Temple, Texas,31.09823,-97.34278,0.08511044733166057
Terre Haute, Indiana,39.4667,-87.41391,0.16531361872480665
Texarkana, Arkansas,33.44179,-94.03769,0.4267241379310345
Texarkana, Texas,33.42513,-94.04769,0.4010557923741806
Texas City, Texas,29.76328,-95.36327,0.25381473025479045
The Acreage, Florida,26.79404,-80.26749,0.0
The Colony, Texas,33.08901,-96.88639,0.0
The Hammocks, Florida,25.67149,-80.4445,0.0
The Villages, Florida,28.93408,-81.95994,0.465179506257639
The Woodlands, Texas,30.15799,-95.48938,0.6875659747306262
Thornton, Colorado,39.86804,-104.97192,0.7931686330222889
Thousand Oaks, California,34.17056,-118.83759,0.0
Tigard, Oregon,45.43123,-122.77149,0.1590374403221444
Tinley Park, Illinois,41.57337,-87.78449,0.42747264091352777
Titusville, Florida,28.61222,-80.80755,0.10681059762261488
Toledo, Ohio,41.66394,-83.55521,0.2357596439011188
Toms River, New Jersey,39.95373,-74.19792,0.0
Tooele, Utah,40.59994,-112.4644,0.0
Topeka, Kansas,39.04833,-95.67804,0.24361363656491222
Torrance, California,33.83585,-118.34063,0.5066682314526106
Torrington, Connecticut,41.80065,-73.12122,0.0
Town 'n' Country, Florida,28.01057,-82.57732,0.0
Towson, Maryland,39.28808,-76.61076,0.0
Trabuco, California,33.66252,-117.59033,0.0
Tracy, California,37.73987,-121.42618,0.0
Trenton, New Jersey,40.21705,-74.74294,0.22413793109137056
Tri-Cities, Alabama,34.74481,-87.66753,0.0
Troy, Michigan,42.60559,-83.14993,0.16732441564879816
Troy, New York,42.72841,-73.69179,0.0
Trumbull, Connecticut,41.24287,-73.20067,1.6391691976947582
Tuckahoe, Virginia,37.59015,-77.55638,0.0
Tucson, Arizona,32.22174,-110.92648,0.5778846866364887
Tulare, California,36.33023,-119.29206,0.0
Tulsa, Oklahoma,36.15398,-95.99277,0.11148670498100523
Tupelo, Mississippi,34.25807,-88.70464,0.0
Turlock, California,37.49466,-120.84659,0.3251118805996948
Tuscaloosa, Alabama,33.20984,-87.56917,0.18160221186336942
Tustin, California,33.74585,-117.82617,0.12700671570422728
Twin Falls, Idaho,42.48158,-114.48754,0.22514473049377484
Tyler, Texas,32.35126,-95.30106,0.1725391887665488
Union City, California,37.59577,-122.01913,0.49240264418583246
Union City, New Jersey,40.66399,-74.2107,0.0
Union, New Jersey,40.66399,-74.2107,0.0
Union, New York,40.70038,-73.59291,0.0
University City, Missouri,38.65588,-90.30928,1.4009115511293824
University Place, Washington,47.23565,-122.5504,0.0
University, Florida,29.64401,-82.35495,0.39509059027564886
Upland, California,34.09751,-117.64839,0.6855629803413961
Upper Arlington, Ohio,39.99451,-83.06241,0.0
Urbana, Illinois,40.11059,-88.20727,0.1563540818071647
Urbandale, Iowa,41.62666,-93.71217,0.17420269802978594
Utica, New York,43.1009,-75.23266,0.12785101485192935
Vacaville, California,38.35658,-121.98774,0.16960303301070767
Valdosta, Georgia,30.83334,-83.28032,0.5519950565244874
Vallejo, California,38.10409,-122.25664,0.16082134133399553
Valley Stream, New York,40.66427,-73.70846,1.4552621204795262
Valparaiso, Indiana,41.47309,-87.06114,0.2436222261227706
Valrico, Florida,27.93789,-82.23644,0.0
Vancouver, Washington,45.63873,-122.66149,0.35080170363378693
Ventura, California,34.27834,-119.29317,1.0502824858722053
Verde, Arizona,34.56364,-111.85432,0.0
Vestavia Hills, Alabama,33.44872,-86.78777,0.0
Victoria, Texas,28.80527,-97.0036,0.8855263861272935
Victorville, California,34.53611,-117.29116,1.5096197892298056
Vineland, New Jersey,39.48623,-75.02573,1.6583407647573907
Virginia Beach, Virginia,36.85293,-75.97799,0.45735321632897474
Visalia, California,36.33023,-119.29206,0.3567582451067116
Vista, California,32.64005,-117.0842,0.5345676346987442
Waco, Texas,31.54933,-97.14667,0.33488607027711204
Waipahu, Hawaii,21.38667,-158.00917,0.9007568488225397
Wake Forest, North Carolina,35.97987,-78.50972,0.0
Waldorf, Maryland,38.62456,-76.93914,0.0
Walla Walla, Washington,46.06458,-118.34302,0.0
Wallingford, Connecticut,41.45704,-72.82316,0.3410836748708598
Walnut Creek, California,37.90631,-122.06496,0.12635046872796618
Walnut, California,37.90631,-122.06496,0.0
Waltham, Massachusetts,42.37649,-71.23561,0.21103841199777976
Warner Robins, Georgia,32.61574,-83.62664,0.0
Warren, Michigan,42.49044,-83.01304,0.2970951237527062
Warren, Ohio,41.23756,-80.81842,0.11624472487784952
Warwick, Rhode Island,41.7001,-71.41617,0.0
Waterbury, Connecticut,41.55815,-73.0515,0.0
Waterford, Michigan,42.69303,-83.41181,0.5809680912991875
Waterloo, Iowa,42.49276,-92.34296,0.10542891240572529
Watertown, Massachusetts,42.37093,-71.18283,0.0
Watsonville, California,36.91023,-121.75689,0.4104036164767593
Waukegan, Illinois,42.36363,-87.84479,0.15024254495553732
Waukesha, Wisconsin,43.01168,-88.23148,0.0
Wausau, Wisconsin,44.95914,-89.63012,0.0
Wauwatosa, Wisconsin,43.04946,-88.00759,0.0
Waxahachie, Texas,32.38653,-96.84833,0.0
Wayne, New Jersey,40.92538,-74.27654,0.07747008626195302
Wellington, Florida,26.65868,-80.24144,0.0
Wenatchee, Washington,47.42346,-120.31035,0.2819458883779009
Wentzville, Missouri,38.81144,-90.85291,0.0
Weslaco, Texas,26.15952,-97.99084,0.1432973805855162
Wesley Chapel, Florida,28.23973,-82.32787,0.20372736697982902
West Adams, Colorado,39.72943,-104.83192,0.0
West Allis, Wisconsin,43.01668,-88.00703,0.3380355827260887
West Babylon, New York,40.71816,-73.35429,0.0
West Bend, Wisconsin,43.42528,-88.18343,0.0
West Bexar, Texas,29.44245,-98.53057,0.0
West Bloomfield Township, Michigan,42.56891,-83.38356,0.0
West Contra Costa, California,37.97798,-122.03107,0.0
West Covina, California,34.06862,-117.93895,0.09110428890057112
West Des Moines, Iowa,41.57721,-93.71133,0.09716933714498907
West Dougherty, Georgia,31.5724,-84.17352,0.0
West Fargo, North Dakota,46.87497,-96.90036,0.0
West Hartford, Connecticut,41.76204,-72.74204,0.0
West Haven, Connecticut,41.27065,-72.94705,0.27963465485839206
West Hollywood, California,34.09834,-118.32674,0.32880738501231704
West Jordan, Utah,40.60967,-111.9391,0.09042806185017446
West Lafayette, Indiana,40.42587,-86.90807,0.09960608187936516
West Little River, Florida,25.85704,-80.23699,0.0
West New York, New Jersey,40.78788,-74.01431,0.0
West Orange, New Jersey,40.79871,-74.23904,0.2625038831735681
West Palm Beach, Florida,26.71534,-80.05337,0.32155808948759546
West Sacramento, California,38.58157,-121.4944,0.0
West Seneca, New York,42.85006,-78.79975,0.0
West Valley City, Utah,40.69161,-112.00105,0.2892885967356116
Westerville, Ohio,40.12617,-82.92907,0.21426066625486606
Westfield, Indiana,40.04282,-86.12749,0.0
Westfield, Massachusetts,42.12509,-72.74954,0.3666440678366966
Westfield, New Jersey,40.65899,-74.34737,0.3325715736975713
Westlake, Ohio,41.45532,-81.91792,0.07009035316636986
Westland, Michigan,42.3242,-83.40021,0.1310341619504834
Westminster, California,33.75918,-118.00673,0.0
Westminster, Colorado,39.83665,-105.0372,0.07993693336939024
Westmont, California,33.9414,-118.3023,0.0
Weston, Florida,26.10037,-80.39977,0.2576083578437864
Westside, California,38.32297,-123.05528,0.0
Weymouth Town, Massachusetts,42.22093,-70.93977,0.0
Weymouth, Massachusetts,42.22093,-70.93977,0.473540743416944
Wheat Ridge, Colorado,39.7661,-105.07721,0.0
Wheaton, Illinois,41.86614,-88.10701,0.07284205721064194
Wheaton, Maryland,39.03983,-77.05526,0.0
Wheaton-Glenmont, Maryland,39.05762,-77.05269,0.0
Wheeling, Illinois,42.08836,-87.98063,0.0
White Plains, New York,41.03399,-73.76291,0.177759005978102
Whitney, Nevada,36.09831,-115.0363,0.0
Whittier, California,33.97918,-118.03284,0.1543148722644504
Wichita Falls, Texas,33.91371,-98.49339,0.31446342678508465
Wichita, Kansas,37.69224,-97.33754,0.21775426308927748
Wildomar, California,33.59891,-117.28004,0.0
Wildwood, Missouri,38.58283,-90.6629,0.0
Wilkes-Barre, Pennsylvania,41.24591,-75.88131,0.0
Willowbrook, California,33.91696,-118.25507,0.0
Wilmington, Delaware,39.74595,-75.54659,0.16499720468070708
Wilmington, North Carolina,34.22573,-77.94471,0.20684154428385107
Wilson, North Carolina,35.72127,-77.91554,0.4625097185516184
Winston-Salem, North Carolina,36.09986,-80.24422,0.3512264984127197
Winter Garden, Florida,28.56528,-81.58618,0.35349549316157464
Winter Haven, Florida,28.02224,-81.73286,0.17160040616384503
Winter Springs, Florida,28.69889,-81.30812,0.317874981716442
Woburn, Massachusetts,42.47926,-71.15228,0.0
Woodbury, Minnesota,44.92386,-92.95938,0.1703989755918206
Woodland, California,38.67852,-121.7733,0.22650573375086774
Woodlawn, Maryland,39.32288,-76.72803,0.0
Woodridge, Illinois,41.74697,-88.05034,0.19053228953656856
Woonsocket, Rhode Island,42.00288,-71.51478,0.22837509523840563
Worcester, Massachusetts,42.26259,-71.80229,0.12693902875704124
Wylie, Texas,33.01512,-96.53888,0.2525931904311511
Wyoming, Michigan,42.91336,-85.70531,0.5567961342579222
Yakima, Washington,46.60207,-120.5059,0.0
Yonkers, New York,40.93121,-73.89875,0.1763314707034429
Yorba Linda, California,33.88863,-117.81311,0.0
York, Pennsylvania,39.9626,-76.72774,0.47336675404193485
Yorktown, New York,41.27093,-73.77763,147.45762711864407
Youngstown, Ohio,41.09978,-80.64952,0.22181648863533512
Yuba City, California,39.14045,-121.61691,1.2963704559290334
Yucaipa, California,34.03363,-117.04309,0.0
Yuma, Arizona,32.72532,-114.6244,0.07248824880281454
